batch_rank,viral_score,headline,category,jurisdiction,primary_official,published_at,recommended_post_window,tweet_copy,viral_reasoning,live_news_url,politician_wall_url
1,9.9,"Legislative Accountability and the Constitutional Implications of Potential Future Impeachment Proceedings",Politics,", US",Ro Khanna,2026-09-27T19:05:35.000Z,Early Morning Drive (6:00 AM - 9:00 AM EST),"","Representative Ro Khanna has suggested that a future Democratic majority in the House might pursue a third impeachment of Donald Trump to establish a definitive standard of presidential conduct. This proposal highlights ongoing tensions regarding executive accountability and the long-term impact of repeated impeachment efforts on American governance.",https://www.choseno.com/news/legislative-accountability-and-the-constitutional-implications-of-potential-futu-2026-09-27,https://www.choseno.com/wall/donald-j-trump-president
2,9.8,"Conservative Strategy Targets Diesel Taxation to Address Supply Chain Inflation",Politics,", CA",Pierre Poilievre,2026-09-27T17:08:51.000Z,Early Morning Drive (6:00 AM - 9:00 AM EST),"","Conservative Leader Pierre Poilievre is advocating for a reduction in federal diesel taxes to mitigate rising transportation costs and stabilize fuel supplies. The proposal aims to alleviate inflationary pressures on essential goods by lowering the operational expenses for the trucking and logistics sectors.",https://www.choseno.com/news/conservative-strategy-targets-diesel-taxation-to-address-supply-chain-inflation-2026-09-27,https://www.choseno.com/wall/pierre-poilievre-mp
3,9.8,"Judicial Authority and Partisan Redistricting Collide in Missouri Congressional Map Dispute",Politics,", US",Donald Trump,2026-09-27T19:21:53.000Z,Early Morning Drive (6:00 AM - 9:00 AM EST),"","Former President Donald Trump has publicly criticized the Supreme Court for repeatedly overturning lower court rulings that supported a Republican-leaning congressional map in Missouri. This ongoing legal battle highlights the intensifying tension between executive political influence and the judiciary's role in overseeing electoral boundaries.",https://www.choseno.com/news/judicial-authority-and-partisan-redistricting-collide-in-missouri-congressional--2026-09-27,https://www.choseno.com/wall/donald-j-trump-president
4,9.8,"Graph Tech Expands Component Portfolio with Specialized Seven-String Locking Nut Solutions",Politics,", CA",Civic Authority,2026-09-27T15:03:41.000Z,Early Morning Drive (6:00 AM - 9:00 AM EST),"","Graph Tech Guitar Labs has officially launched two new seven-string locking nut models designed to enhance tuning stability and performance for extended-range instruments. These components represent a strategic expansion of the company's hardware offerings aimed at addressing the specific mechanical needs of modern guitarists.",https://www.choseno.com/news/graph-tech-expands-component-portfolio-with-specialized-seven-string-locking-nut-2026-09-27,https://www.choseno.com/news/graph-tech-expands-component-portfolio-with-specialized-seven-string-locking-nut-2026-09-27
5,9.7,"The Paradox of Executive Power: Governor Newsom’s Late-Term Shift on Gubernatorial Authority",Politics,", US",Gavin Newsom,2026-09-27T13:01:52.000Z,Early Morning Drive (6:00 AM - 9:00 AM EST),"","Governor Gavin Newsom has recently expressed concerns regarding the scope of executive overreach as his final term in office approaches its conclusion. This sudden pivot has sparked intense debate regarding the consistency of his administrative legacy and the long-term implications for California governance.",https://www.choseno.com/news/the-paradox-of-executive-power-governor-newsom-s-late-term-shift-on-gubernatoria-2026-09-27,https://www.choseno.com/wall/gavin-newsom-governor
6,9.7,"Political Discourse Under Siege: Analyzing the Disruption of Dutch Executive Proceedings",Politics,", CA",Dick Schoof,2026-09-27T17:19:00.000Z,Early Morning Drive (6:00 AM - 9:00 AM EST),"","The Dutch Prime Minister faced a significant security and political challenge when pro-Palestinian demonstrators interrupted a scheduled public address. This incident highlights the growing tension between government policy and public dissent regarding international conflicts.",https://www.choseno.com/news/political-discourse-under-siege-analyzing-the-disruption-of-dutch-executive-proc-2026-09-27,https://www.choseno.com/wall/dick-schoof
7,9.6,"The Resurgence of Aerial Heritage: An Analysis of the Air Legend 2026 Gathering",Politics,", CA",Civic Authority,2026-09-27T12:28:41.000Z,Early Morning Drive (6:00 AM - 9:00 AM EST),"","The Air Legend 2026 event held in France served as a significant cultural and economic milestone for the international warbird preservation community. This report examines the logistical, historical, and fiscal implications of maintaining vintage aviation assets for public exhibition.",https://www.choseno.com/news/the-resurgence-of-aerial-heritage-an-analysis-of-the-air-legend-2026-gathering-2026-09-27,https://www.choseno.com/news/the-resurgence-of-aerial-heritage-an-analysis-of-the-air-legend-2026-gathering-2026-09-27
8,9.6,"Doerkson Outlines Fiscal Strategy Centered on Tax Freeze Ahead of Provincial Election",Politics,", CA",Civic Authority,2026-09-27T19:40:11.000Z,Early Morning Drive (6:00 AM - 9:00 AM EST),"","Conservative Party of British Columbia leader John Rustad's candidate, Doerkson, has committed to a policy of no tax increases if his party secures victory in the upcoming provincial election. This pledge highlights a central divide in the campaign regarding how the province should manage its fiscal responsibilities and public service funding.",https://www.choseno.com/news/doerkson-outlines-fiscal-strategy-centered-on-tax-freeze-ahead-of-provincial-ele-2026-09-27,https://www.choseno.com/news/doerkson-outlines-fiscal-strategy-centered-on-tax-freeze-ahead-of-provincial-ele-2026-09-27
9,9.5,"California Expands Legislative Framework to Tighten Firearm Oversight and Public Safety Protocols",Politics,", US",Gavin Newsom,2026-09-27T17:12:47.000Z,Early Morning Drive (6:00 AM - 9:00 AM EST),"","Governor Gavin Newsom has enacted a broad legislative package aimed at enhancing California's existing gun control measures through increased regulatory oversight and stricter possession standards. The new laws represent a continued effort by the state administration to mitigate firearm-related violence through comprehensive policy interventions.",https://www.choseno.com/news/california-expands-legislative-framework-to-tighten-firearm-oversight-and-public-2026-09-27,https://www.choseno.com/wall/gavin-newsom-governor
10,9.5,"Strategic Implications of the Cinch Governor’s Cup Semifinals Steer Selection Process",Politics,", US",Civic Authority,2026-09-27T18:13:28.000Z,Early Morning Drive (6:00 AM - 9:00 AM EST),"","The Cinch Governor’s Cup semifinals have implemented a rigorous steer draw process to ensure competitive integrity and fairness for all participating roping teams. This analytical report examines the logistical framework and the broader impact of such regulatory standards on professional rodeo sports.",https://www.choseno.com/news/strategic-implications-of-the-cinch-governor-s-cup-semifinals-steer-selection-pr-2026-09-27,https://www.choseno.com/news/strategic-implications-of-the-cinch-governor-s-cup-semifinals-steer-selection-pr-2026-09-27
11,9.4,"Slovak Executive Signals Potential January Snap Election Amid Political Volatility",Politics,", CA",Robert Fico,2026-09-27T19:48:12.000Z,Early Morning Drive (6:00 AM - 9:00 AM EST),"","The Slovak Premier has indicated a readiness to trigger a snap election in January, citing the necessity of resolving ongoing legislative gridlock. This potential move marks a significant shift in the national political landscape, raising questions about government stability and future policy direction.",https://www.choseno.com/news/slovak-executive-signals-potential-january-snap-election-amid-political-volatili-2026-09-27,https://www.choseno.com/wall/robert-fico
12,9.3,"Governor Abbott Navigates Competitive Re-election Landscape Amidst Strategic Shift on Data Center Infrastructure",Politics,", US",Greg Abbott,2026-09-27T11:00:00.000Z,Early Morning Drive (6:00 AM - 9:00 AM EST),"","Governor Greg Abbott is addressing tightening polling numbers against challenger Gina Hinojosa while simultaneously implementing new regulatory measures to curb the rapid expansion of data centers in Texas. The administration faces mounting pressure to balance economic growth with the strain these facilities place on the state's power grid and water resources.",https://www.choseno.com/news/governor-abbott-navigates-competitive-re-election-landscape-amidst-strategic-shi-2026-09-27,https://www.choseno.com/wall/greg-abbott-governor
13,9.3,"Strategic Capital Investment: Governor Shapiro Targets Harrisburg for Urban Revitalization Initiative",Politics,", US",Josh Shapiro,2026-09-27T19:01:48.000Z,Early Morning Drive (6:00 AM - 9:00 AM EST),"","Governor Josh Shapiro and state officials are set to announce a significant economic development plan aimed at revitalizing downtown Harrisburg. The initiative seeks to address long-standing infrastructure and commercial challenges within the state capital through coordinated executive action.",https://www.choseno.com/news/strategic-capital-investment-governor-shapiro-targets-harrisburg-for-urban-revit-2026-09-27,https://www.choseno.com/wall/josh-shapiro-governor
14,9.3,"The Volatile Dynamics of Executive Governance Under Presidential Discretion",Politics,", CA",Donald Trump,2026-09-27T11:00:00.000Z,Early Morning Drive (6:00 AM - 9:00 AM EST),"","An analytical examination of the high-pressure environment within the Trump administration cabinet and the implications for federal governance. The report explores how the principle of serving at the pleasure of the president shapes policy implementation and administrative stability.",https://www.choseno.com/news/the-volatile-dynamics-of-executive-governance-under-presidential-discretion-2026-09-27,https://www.choseno.com/wall/donald-j-trump-president
15,9.2,"Strategic Coordination Between Hasakah Provincial Leadership and Defense Ministry Officials",Politics,", US",Civic Authority,2026-09-27T16:36:27.000Z,Early Morning Drive (6:00 AM - 9:00 AM EST),"","The Governor of Hasakah recently convened with a high-level delegation from the Ministry of Defense to address critical administrative and security challenges within the region. The discussions focused on aligning local governance with national defense priorities to ensure stability and service continuity for the local population.",https://www.choseno.com/news/strategic-coordination-between-hasakah-provincial-leadership-and-defense-ministr-2026-09-27,https://www.choseno.com/news/strategic-coordination-between-hasakah-provincial-leadership-and-defense-ministr-2026-09-27
16,9.2,"Illinois Expands Energy Security Net as Governor Pritzker Initiates LIHEAP Enrollment",Politics,", US",J.B. Pritzker,2026-09-27T17:09:35.000Z,Early Morning Drive (6:00 AM - 9:00 AM EST),"","Governor J.B. Pritzker has officially opened the application period for the Low Income Home Energy Assistance Program to help Illinois residents manage rising utility costs. This initiative aims to provide critical financial relief to vulnerable households as the state prepares for the upcoming winter heating season.",https://www.choseno.com/news/illinois-expands-energy-security-net-as-governor-pritzker-initiates-liheap-enrol-2026-09-27,https://www.choseno.com/wall/jb-pritzker-governor
17,9.1,"Transatlantic Security Cooperation Intensifies Following Counterterrorism Operations in the United Kingdom",Politics,", US",Donald Trump,2026-09-27T17:54:49.000Z,Early Morning Drive (6:00 AM - 9:00 AM EST),"","President Trump commended British law enforcement for the successful apprehension of five individuals suspected of plotting an attack against a United States military installation. This development highlights the ongoing strategic partnership between the two nations regarding intelligence sharing and regional security protocols.",https://www.choseno.com/news/transatlantic-security-cooperation-intensifies-following-counterterrorism-operat-2026-09-27,https://www.choseno.com/wall/donald-j-trump-president
18,9.1,"Letter: Governor Hochul, You, Too, Can Protect Elections",Municipal,"DC, US",Kathy Hochul,2026-09-27T19:33:47.000Z,Early Morning Drive (6:00 AM - 9:00 AM EST),"Letter: Governor Hochul, You, Too, Can Protect Elections","Letter: Governor Hochul, You, Too, Can Protect Elections &nbsp;&nbsp; shawangunkjournal.com",https://www.choseno.com/news/letter-governor-hochul-you-too-can-protect-elections-2026-09-27,https://www.choseno.com/wall/kathy-hochul-governor
19,9.0,"Harrisburg Mayor Orders License Plate Cameras Taken Offline",Municipal,"DC, US",Civic Authority,2026-09-27T19:33:07.000Z,Early Morning Drive (6:00 AM - 9:00 AM EST),"Harrisburg Mayor Orders License Plate Cameras Taken Offline","Harrisburg Mayor Orders License Plate Cameras Taken Offline &nbsp;&nbsp; NEA Report",https://www.choseno.com/news/harrisburg-mayor-orders-license-plate-cameras-taken-offline-2026-09-27,https://www.choseno.com/news/harrisburg-mayor-orders-license-plate-cameras-taken-offline-2026-09-27
20,9.0,"MPP Graydon Smith Announces Seniors Community Grants In Parry Sound–Muskoka",Municipal,"CA, CA",Graydon Smith,2026-09-27T19:50:53.000Z,Early Morning Drive (6:00 AM - 9:00 AM EST),"MPP Graydon Smith Announces Seniors Community Grants In Parry Sound–Muskoka","MPP Graydon Smith Announces Seniors Community Grants In Parry Sound–Muskoka &nbsp;&nbsp; Muskoka411",https://www.choseno.com/news/mpp-graydon-smith-announces-seniors-community-grants-in-parry-sound-muskoka-2026-09-27,https://www.choseno.com/wall/graydon-smith-mpp
21,8.9,"Outgoing Kelowna city councillor Loyal Wooldridge running for MLA",Politics,"CA, CA",Loyal Wooldridge,2026-09-27T19:45:00.000Z,Early Morning Drive (6:00 AM - 9:00 AM EST),"Outgoing Kelowna city councillor Loyal Wooldridge running for MLA","Outgoing Kelowna city councillor Loyal Wooldridge running for MLA &nbsp;&nbsp; Castanet",https://www.choseno.com/news/outgoing-kelowna-city-councillor-loyal-wooldridge-running-for-mla-2026-09-27,https://www.choseno.com/wall/loyal-wooldridge-councillor
22,8.8,"Cameroon: MP Nourane Moluh resigns from Cabral Libii’s PCRN",Politics,"CA, CA",Civic Authority,2026-09-27T19:05:19.000Z,Early Morning Drive (6:00 AM - 9:00 AM EST),"Cameroon: MP Nourane Moluh resigns from Cabral Libii’s PCRN","Cameroon: MP Nourane Moluh resigns from Cabral Libii’s PCRN &nbsp;&nbsp; Benin Web TV",https://www.choseno.com/news/cameroon-mp-nourane-moluh-resigns-from-cabral-libii-s-pcrn-2026-09-27,https://www.choseno.com/news/cameroon-mp-nourane-moluh-resigns-from-cabral-libii-s-pcrn-2026-09-27
23,8.8,"One baking sheet shouldn’t bring the whole cabinet down: 7 kitchens that fixed it",Politics,"CA, CA",Civic Authority,2026-09-27T19:48:23.000Z,Early Morning Drive (6:00 AM - 9:00 AM EST),"One baking sheet shouldn’t bring the whole cabinet down: 7 kitchens that fixed it","One baking sheet shouldn’t bring the whole cabinet down: 7 kitchens that fixed it &nbsp;&nbsp; TheCoolist",https://www.choseno.com/news/one-baking-sheet-shouldn-t-bring-the-whole-cabinet-down-7-kitchens-that-fixed-it-2026-09-27,https://www.choseno.com/news/one-baking-sheet-shouldn-t-bring-the-whole-cabinet-down-7-kitchens-that-fixed-it-2026-09-27
24,8.8,"Serbia’s President resigns to run for PM in October election",Politics,"CA, CA",Civic Authority,2026-09-27T19:48:22.000Z,Early Morning Drive (6:00 AM - 9:00 AM EST),"Serbia’s President resigns to run for PM in October election","Serbia’s President resigns to run for PM in October election &nbsp;&nbsp; Vanguard News",https://www.choseno.com/news/serbia-s-president-resigns-to-run-for-pm-in-october-election-2026-09-27,https://www.choseno.com/news/serbia-s-president-resigns-to-run-for-pm-in-october-election-2026-09-27
25,8.7,"Aleksander Vucic, Serbian President, Resigns",Politics,"CA, CA",Civic Authority,2026-09-27T19:53:58.000Z,Early Morning Drive (6:00 AM - 9:00 AM EST),"Aleksander Vucic, Serbian President, Resigns","Aleksander Vucic, Serbian President, Resigns &nbsp;&nbsp; teleSUR English",https://www.choseno.com/news/aleksander-vucic-serbian-president-resigns-2026-09-27,https://www.choseno.com/news/aleksander-vucic-serbian-president-resigns-2026-09-27
26,8.7,"'This Week' Transcript 9-27-26: Attorney General Todd Blanche & Sen. Mark Kelly",Municipal,"DC, US",Mark Kelly,2026-09-27T18:45:18.000Z,Early Morning Drive (6:00 AM - 9:00 AM EST),"'This Week' Transcript 9-27-26: Attorney General Todd Blanche & Sen. Mark Kelly","'This Week' Transcript 9-27-26: Attorney General Todd Blanche & Sen. Mark Kelly &nbsp;&nbsp; ABC News - Breaking News, Latest News and Videos",https://www.choseno.com/news/this-week-transcript-9-27-26-attorney-general-todd-blanche-sen-mark-kelly-2026-09-27,https://www.choseno.com/wall/mark-kelly-u-s-senator
27,8.6,"MEDIA ADVISORY: Mayor Bowser to Celebrate Modernization of Harriet Tubman Elementary School",Municipal,"DC, US",Civic Authority,2026-09-27T19:02:07.000Z,Early Morning Drive (6:00 AM - 9:00 AM EST),"MEDIA ADVISORY: Mayor Bowser to Celebrate Modernization of Harriet Tubman Elementary School","MEDIA ADVISORY: Mayor Bowser to Celebrate Modernization of Harriet Tubman Elementary School &nbsp;&nbsp; Forth.News",https://www.choseno.com/news/media-advisory-mayor-bowser-to-celebrate-modernization-of-harriet-tubman-element-2026-09-27,https://www.choseno.com/news/media-advisory-mayor-bowser-to-celebrate-modernization-of-harriet-tubman-element-2026-09-27
28,8.6,"Andy Beshear calls for revival of faith-based values to bridge partisan divide | CloseUp",Municipal,"DC, US",Andy Beshear,2026-09-27T19:51:00.000Z,Early Morning Drive (6:00 AM - 9:00 AM EST),"Andy Beshear calls for revival of faith-based values to bridge partisan divide | CloseUp","Andy Beshear calls for revival of faith-based values to bridge partisan divide | CloseUp &nbsp;&nbsp; WMUR",https://www.choseno.com/news/andy-beshear-calls-for-revival-of-faith-based-values-to-bridge-partisan-divide-c-2026-09-27,https://www.choseno.com/wall/andy-beshear-governor
29,9.9,"BC Election 2026: Where the NDP, Conservatives, Greens and New Parties Stand",Elections,"BC, CA",David Eby,undefined,Early Morning Drive (6:00 AM - 9:00 AM EST),"BC's election campaign is five days old. Here's exactly where the NDP, Conservatives, Greens, CentreBC and OneBC stand on housing, health care and energy.","Five days into B.C.'s snap election, here's what the NDP, Conservatives, Greens, CentreBC and OneBC have pledged on housing, health care and DRIPA.",https://www.choseno.com/news/bc-election-2026-where-each-party-stands,https://www.choseno.com/wall/david-eby-premier
30,9.9,"Brentford Women Dominate Newhaven in Historic Gtech Community Stadium Showcase",Politics,", CA",Civic Authority,2026-09-27T17:30:00.000Z,Early Morning Drive (6:00 AM - 9:00 AM EST),"","Brentford Women secured a commanding 8-0 victory over Newhaven in a London and South East Premier Division fixture held at the Gtech Community Stadium. The match highlighted the growing prominence of the women's squad within the club's broader sporting infrastructure.",https://www.choseno.com/news/brentford-women-dominate-newhaven-in-historic-gtech-community-stadium-showcase-2026-09-27,https://www.choseno.com/news/brentford-women-dominate-newhaven-in-historic-gtech-community-stadium-showcase-2026-09-27
31,9.8,"Marvel Comics Reissues Grant Morrison X-Men Era in Definitive Premier Collection",Politics,", CA",Civic Authority,2026-09-27T06:30:42.000Z,Early Morning Drive (6:00 AM - 9:00 AM EST),"","Marvel Comics has announced a comprehensive Premier Collection edition of Grant Morrison's influential X-Men run. This release aims to consolidate the writer's transformative work into a single, high-quality archival format for collectors and new readers alike.",https://www.choseno.com/news/marvel-comics-reissues-grant-morrison-x-men-era-in-definitive-premier-collection-2026-09-27,https://www.choseno.com/news/marvel-comics-reissues-grant-morrison-x-men-era-in-definitive-premier-collection-2026-09-27
32,9.8,"The Late-Term Pivot: Analyzing Governor Newsom’s Sudden Reversal on Executive Authority",Politics,", US",Gavin Newsom,2026-09-27T13:01:52.000Z,Early Morning Drive (6:00 AM - 9:00 AM EST),"","Governor Gavin Newsom has recently signaled a newfound concern regarding executive overreach as his final term in office approaches its conclusion. This shift in rhetoric has sparked significant debate regarding the consistency of his governance and the long-term implications for California's administrative power structure.",https://www.choseno.com/news/the-late-term-pivot-analyzing-governor-newsom-s-sudden-reversal-on-executive-aut-2026-09-27,https://www.choseno.com/wall/gavin-newsom-governor
33,9.8,"Strategic Consolidation and Market Valuation: Analyzing Martin Marietta Materials Post-Premier Magnesia Acquisition",Politics,", CA",Magnesia Acquisition,2026-09-27T16:33:29.000Z,Early Morning Drive (6:00 AM - 9:00 AM EST),"","Martin Marietta Materials faces intense market scrutiny regarding its valuation following the strategic acquisition of Premier Magnesia. Investors are weighing the long-term growth potential of this specialized asset against current macroeconomic headwinds and industry-wide pricing pressures.",https://www.choseno.com/news/strategic-consolidation-and-market-valuation-analyzing-martin-marietta-materials-2026-09-27,https://www.choseno.com/wall/magnesia-acquisition
34,9.7,"Civic Leadership and Regional Impact: Analyzing the Recognition of Susan Hennenfent by the Rotary Club of Del Mar-Solana Beach",Politics,", US",Governor of California,2026-09-27T18:54:37.000Z,Early Morning Drive (6:00 AM - 9:00 AM EST),"","The Rotary Club of Del Mar-Solana Beach recently bestowed the Governor’s Recognition Award upon Susan Hennenfent for her extensive contributions to community service. This honor highlights the intersection of local volunteerism and state-level acknowledgment in fostering regional civic engagement.",https://www.choseno.com/news/civic-leadership-and-regional-impact-analyzing-the-recognition-of-susan-hennenfe-2026-09-27,https://www.choseno.com/wall/governor-of-california
35,9.7,"Strategic Implications and Economic Stakes of the Governor's Cup Championship Weekend",Politics,", US",Civic Authority,2026-09-27T15:04:49.000Z,Early Morning Drive (6:00 AM - 9:00 AM EST),"","The Governor's Cup enters its final phase following a high-stakes second round that has solidified the competitive landscape for Sunday's championship. This report examines the broader community impact and the logistical pressures surrounding the conclusion of this major regional sporting event.",https://www.choseno.com/news/strategic-implications-and-economic-stakes-of-the-governor-s-cup-championship-we-2026-09-27,https://www.choseno.com/news/strategic-implications-and-economic-stakes-of-the-governor-s-cup-championship-we-2026-09-27
36,9.6,"Strategic Implications of the Cinch Governor’s Cup Steer Selection Process",Politics,", US",Civic Authority,2026-09-27T18:13:28.000Z,Early Morning Drive (6:00 AM - 9:00 AM EST),"","The Cinch Governor’s Cup semifinals have implemented a rigorous steer draw process to ensure competitive integrity and fairness in professional team roping. This analytical report examines the logistical and economic frameworks governing the selection of livestock for high-stakes equestrian competition.",https://www.choseno.com/news/strategic-implications-of-the-cinch-governor-s-cup-steer-selection-process-2026-09-27,https://www.choseno.com/news/strategic-implications-of-the-cinch-governor-s-cup-steer-selection-process-2026-09-27
37,9.6,"Governor Abbott Navigates Competitive Re-election Landscape While Addressing Data Center Infrastructure Pressures",Politics,", US",Greg Abbott,2026-09-27T11:00:00.000Z,Early Morning Drive (6:00 AM - 9:00 AM EST),"","Governor Greg Abbott is dismissing narrowing polling margins against challenger Gina Hinojosa while simultaneously implementing new regulatory measures to curb the rapid expansion of data centers in Texas. These dual challenges highlight a pivotal moment for the administration as it balances political stability with concerns over resource consumption and grid reliability.",https://www.choseno.com/news/governor-abbott-navigates-competitive-re-election-landscape-while-addressing-dat-2026-09-27,https://www.choseno.com/wall/greg-abbott-governor
38,9.5,"Democratic Governors Association Strategizes Expansion Amid Shifting State Electoral Landscapes",Politics,", US",Andy Beshear,2026-09-27T17:07:45.000Z,Early Morning Drive (6:00 AM - 9:00 AM EST),"","Kentucky Governor Andy Beshear has signaled an aggressive expansion strategy for the Democratic Governors Association, targeting multiple Republican-held executive offices. The initiative reflects a significant shift in party momentum as internal polling suggests several key races have entered the statistical margin of error.",https://www.choseno.com/news/democratic-governors-association-strategizes-expansion-amid-shifting-state-elect-2026-09-27,https://www.choseno.com/wall/andy-beshear-governor
39,9.5,"Dutch Executive Authority Faces Heightened Public Scrutiny Amidst Disruptive Protests",Politics,", CA",Dutch Prime Minister,2026-09-27T17:19:00.000Z,Early Morning Drive (6:00 AM - 9:00 AM EST),"","The Dutch Prime Minister encountered significant public opposition during a scheduled address as demonstrators voiced intense disapproval regarding government policy. This incident highlights the growing tension between state leadership and activist groups concerning international diplomatic stances.",https://www.choseno.com/news/dutch-executive-authority-faces-heightened-public-scrutiny-amidst-disruptive-pro-2026-09-27,https://www.choseno.com/wall/dutch-prime-minister
40,9.4,"Strategic Educational Alignment: Governor Livingston High School Prepares for Annual Career and College Integration Event",Politics,", US",Livingston High School,2026-09-27T18:38:26.000Z,Early Morning Drive (6:00 AM - 9:00 AM EST),"","Governor Livingston High School is set to host its annual college and career fair, providing students with direct access to professional and academic pathways. This initiative serves as a critical bridge between secondary education and the evolving demands of the regional labor market.",https://www.choseno.com/news/strategic-educational-alignment-governor-livingston-high-school-prepares-for-ann-2026-09-27,https://www.choseno.com/wall/livingston-high-school
41,9.3,"Strategic Alignment Between Cabinet and Central Bank Targets Long-Term Economic Resilience",Politics,", US",Mostafa Madbouly,2026-09-27T18:02:13.000Z,Early Morning Drive (6:00 AM - 9:00 AM EST),"","Prime Minister Mostafa Madbouly and Central Bank Governor Hassan Abdalla held high-level discussions to coordinate fiscal and monetary policies aimed at stabilizing the Egyptian economy. The meeting focused on structural reforms and liquidity management to mitigate inflationary pressures and support sustainable growth.",https://www.choseno.com/news/strategic-alignment-between-cabinet-and-central-bank-targets-long-term-economic--2026-09-27,https://www.choseno.com/wall/mostafa-madbouly
42,9.3,"Transatlantic Security Cooperation Intensifies Following Counter-Terrorism Operation in United Kingdom",Politics,", US",Donald Trump,2026-09-27T17:54:49.000Z,Early Morning Drive (6:00 AM - 9:00 AM EST),"","President Trump commended British law enforcement for the successful apprehension of five individuals suspected of plotting an attack against a United States military installation. The operation highlights the ongoing strategic partnership between intelligence agencies in addressing transnational security threats.",https://www.choseno.com/news/transatlantic-security-cooperation-intensifies-following-counter-terrorism-opera-2026-09-27,https://www.choseno.com/wall/donald-j-trump-president
43,9.3,"Michigan Governor Gretchen Whitmer Sparks Intense National Debate Over Safety And Legislative Protections For LGBTQ+ Residents",Politics,", US",Gretchen Whitmer,2026-09-27T15:42:08.000Z,Early Morning Drive (6:00 AM - 9:00 AM EST),"","Recent remarks by Michigan Governor Gretchen Whitmer regarding targeted threats against LGBTQ+ Americans have ignited a sharp political polarization over civil rights and public safety. Critics immediately challenged the assessment, arguing that existing legal protections render such claims unfounded.",https://www.choseno.com/news/michigan-governor-gretchen-whitmer-sparks-intense-national-debate-over-safety-an-2026-09-27,https://www.choseno.com/wall/gretchen-whitmer-governor
44,9.2,"Strategic Shifts in the Adran Premier: Wrexham Ascends as TNS Maintains Competitive Pressure",Politics,", CA",Civic Authority,2026-09-27T15:40:31.000Z,Early Morning Drive (6:00 AM - 9:00 AM EST),"","The Adran Premier landscape has shifted as Wrexham claims the top position in the league standings following recent match results. Meanwhile, The New Saints secured a narrow victory through a late-game strike, underscoring the intense parity currently defining the Welsh women's top flight.",https://www.choseno.com/news/strategic-shifts-in-the-adran-premier-wrexham-ascends-as-tns-maintains-competiti-2026-09-27,https://www.choseno.com/news/strategic-shifts-in-the-adran-premier-wrexham-ascends-as-tns-maintains-competiti-2026-09-27
45,9.2,"Federal Scrutiny Intensifies as Governor Newsom Faces Department of Justice Inquiry",Politics,", US",Gavin Newsom,2026-09-26T19:41:00.000Z,Early Morning Drive (6:00 AM - 9:00 AM EST),"","California Governor Gavin Newsom has confirmed that he and his wife are the subjects of an active investigation by the United States Department of Justice. The inquiry marks a significant escalation in federal oversight regarding the administration's executive conduct and financial transparency.",https://www.choseno.com/news/federal-scrutiny-intensifies-as-governor-newsom-faces-department-of-justice-inqu-2026-09-26,https://www.choseno.com/wall/gavin-newsom-governor
46,9.1,"Trump’s latest Mamdani lovefest comes at a bad time for Republicans",Politics,"DC, US",Donald J. Trump,2026-09-27T18:00:00.000Z,Early Morning Drive (6:00 AM - 9:00 AM EST),"Trump’s latest Mamdani lovefest comes at a bad time for Republicans","GOP candidates are trying to leverage the far-left mayor amid an increasingly tough midterm election.",https://www.choseno.com/news/trump-s-latest-mamdani-lovefest-comes-at-a-bad-time-for-republicans-2026-09-27,https://www.choseno.com/wall/donald-j-trump-president
47,9.1,"OPINION: One candidate for governor needs to repeat math class",Municipal,"DC, US",Civic Authority,2026-09-27T18:32:15.000Z,Early Morning Drive (6:00 AM - 9:00 AM EST),"OPINION: One candidate for governor needs to repeat math class","OPINION: One candidate for governor needs to repeat math class &nbsp;&nbsp; Peninsula Clarion",https://www.choseno.com/news/opinion-one-candidate-for-governor-needs-to-repeat-math-class-2026-09-27,https://www.choseno.com/news/opinion-one-candidate-for-governor-needs-to-repeat-math-class-2026-09-27
48,9.0,"NE Governor: No Taxes Coming on Ag Equipment or Inputs",Municipal,"DC, US",Civic Authority,2026-09-27T18:00:00.000Z,Early Morning Drive (6:00 AM - 9:00 AM EST),"NE Governor: No Taxes Coming on Ag Equipment or Inputs","NE Governor: No Taxes Coming on Ag Equipment or Inputs &nbsp;&nbsp; KMAland.com",https://www.choseno.com/news/ne-governor-no-taxes-coming-on-ag-equipment-or-inputs-2026-09-27,https://www.choseno.com/news/ne-governor-no-taxes-coming-on-ag-equipment-or-inputs-2026-09-27
49,9.0,"Is Kai Trump Joining Donald Trump at the Presidents Cup?",Municipal,"DC, US",Donald J. Trump,2026-09-27T18:19:00.000Z,Early Morning Drive (6:00 AM - 9:00 AM EST),"Is Kai Trump Joining Donald Trump at the Presidents Cup?","Is Kai Trump Joining Donald Trump at the Presidents Cup? &nbsp;&nbsp; EssentiallySports",https://www.choseno.com/news/is-kai-trump-joining-donald-trump-at-the-presidents-cup-2026-09-27,https://www.choseno.com/wall/donald-j-trump-president
50,8.9,"‘Don’t risk your life’: New York governor warns as nor’easter floods Long Island",Municipal,"DC, US",Kathy Hochul,2026-09-27T18:09:19.000Z,Early Morning Drive (6:00 AM - 9:00 AM EST),"‘Don’t risk your life’: New York governor warns as nor’easter floods Long Island","‘Don’t risk your life’: New York governor warns as nor’easter floods Long Island &nbsp;&nbsp; Global News",https://www.choseno.com/news/don-t-risk-your-life-new-york-governor-warns-as-nor-easter-floods-long-island-2026-09-27,https://www.choseno.com/wall/kathy-hochul-governor
51,8.8,"Serbian President Vucic resigns ahead of snap parliamentary elections",Politics,"CA, CA",Civic Authority,2026-09-27T18:37:43.000Z,Early Morning Drive (6:00 AM - 9:00 AM EST),"Serbian President Vucic resigns ahead of snap parliamentary elections","Serbian President Vucic resigns ahead of snap parliamentary elections &nbsp;&nbsp; Anadolu Ajansı",https://www.choseno.com/news/serbian-president-vucic-resigns-ahead-of-snap-parliamentary-elections-2026-09-27,https://www.choseno.com/news/serbian-president-vucic-resigns-ahead-of-snap-parliamentary-elections-2026-09-27
52,8.8,"Serbia’s President Aleksandar Vucic resigns to pursue becoming prime minister in an early parliamentary vote",Politics,"CA, CA",Civic Authority,2026-09-27T18:51:14.000Z,Early Morning Drive (6:00 AM - 9:00 AM EST),"Serbia’s President Aleksandar Vucic resigns to pursue becoming prime minister in an early parliamentary vote","Serbia’s President Aleksandar Vucic resigns to pursue becoming prime minister in an early parliamentary vote &nbsp;&nbsp; ABC News - Breaking News, Latest News and Videos",https://www.choseno.com/news/serbia-s-president-aleksandar-vucic-resigns-to-pursue-becoming-prime-minister-in-2026-09-27,https://www.choseno.com/news/serbia-s-president-aleksandar-vucic-resigns-to-pursue-becoming-prime-minister-in-2026-09-27
53,8.8,"Serbia's President Vucic resigns, paving way for early elections",Politics,"CA, CA",Civic Authority,2026-09-27T18:11:47.000Z,Early Morning Drive (6:00 AM - 9:00 AM EST),"Serbia's President Vucic resigns, paving way for early elections","Serbia's President Vucic resigns, paving way for early elections &nbsp;&nbsp; Reuters",https://www.choseno.com/news/serbia-s-president-vucic-resigns-paving-way-for-early-elections-2026-09-27,https://www.choseno.com/news/serbia-s-president-vucic-resigns-paving-way-for-early-elections-2026-09-27
54,8.7,"Vucic resigns as Serbian president, will run for prime minister",Politics,"CA, CA",Civic Authority,2026-09-27T18:34:56.000Z,Early Morning Drive (6:00 AM - 9:00 AM EST),"Vucic resigns as Serbian president, will run for prime minister","Vucic resigns as Serbian president, will run for prime minister &nbsp;&nbsp; Türkiye Today",https://www.choseno.com/news/vucic-resigns-as-serbian-president-will-run-for-prime-minister-2026-09-27,https://www.choseno.com/news/vucic-resigns-as-serbian-president-will-run-for-prime-minister-2026-09-27
55,8.7,"Serbia's Vucic resigns as president",Politics,"CA, CA",Civic Authority,2026-09-27T18:13:00.000Z,Early Morning Drive (6:00 AM - 9:00 AM EST),"Serbia's Vucic resigns as president","Serbia's Vucic resigns as president &nbsp;&nbsp; Breakingthenews.net",https://www.choseno.com/news/serbia-s-vucic-resigns-as-president-2026-09-27,https://www.choseno.com/news/serbia-s-vucic-resigns-as-president-2026-09-27
56,8.6,"Serbia’s populist President Vucic resigns to run for prime minister at early vote",Politics,"CA, CA",Civic Authority,2026-09-27T18:27:00.000Z,Early Morning Drive (6:00 AM - 9:00 AM EST),"Serbia’s populist President Vucic resigns to run for prime minister at early vote","Serbia’s populist President Vucic resigns to run for prime minister at early vote &nbsp;&nbsp; thehill.com",https://www.choseno.com/news/serbia-s-populist-president-vucic-resigns-to-run-for-prime-minister-at-early-vot-2026-09-27,https://www.choseno.com/news/serbia-s-populist-president-vucic-resigns-to-run-for-prime-minister-at-early-vot-2026-09-27
57,8.6,"Edinburgh MP to quit seat amid claims of being told she's 'too old' for re-election",Politics,"CA, CA",Civic Authority,2026-09-27T18:32:00.000Z,Early Morning Drive (6:00 AM - 9:00 AM EST),"Edinburgh MP to quit seat amid claims of being told she's 'too old' for re-election","Edinburgh MP to quit seat amid claims of being told she's 'too old' for re-election &nbsp;&nbsp; Edinburgh News",https://www.choseno.com/news/edinburgh-mp-to-quit-seat-amid-claims-of-being-told-she-s-too-old-for-re-electio-2026-09-27,https://www.choseno.com/news/edinburgh-mp-to-quit-seat-amid-claims-of-being-told-she-s-too-old-for-re-electio-2026-09-27
58,8.5,"Serbia's President Vucic Resigns, Clearing Path for Early Elections",Politics,"CA, CA",Civic Authority,2026-09-27T18:22:01.000Z,Early Morning Drive (6:00 AM - 9:00 AM EST),"Serbia's President Vucic Resigns, Clearing Path for Early Elections","Serbia's President Vucic Resigns, Clearing Path for Early Elections &nbsp;&nbsp; Global Banking & Finance Review",https://www.choseno.com/news/serbia-s-president-vucic-resigns-clearing-path-for-early-elections-2026-09-27,https://www.choseno.com/news/serbia-s-president-vucic-resigns-clearing-path-for-early-elections-2026-09-27
59,8.4,"President of Serbia Aleksandar Vučić Resigns",Politics,"CA, CA",Civic Authority,2026-09-27T18:38:29.000Z,Early Morning Drive (6:00 AM - 9:00 AM EST),"President of Serbia Aleksandar Vučić Resigns","President of Serbia Aleksandar Vučić Resigns &nbsp;&nbsp; Inbox.lv",https://www.choseno.com/news/president-of-serbia-aleksandar-vu-i-resigns-2026-09-27,https://www.choseno.com/news/president-of-serbia-aleksandar-vu-i-resigns-2026-09-27
60,8.4,"Serbian president resigns",Politics,"CA, CA",Civic Authority,2026-09-27T17:14:00.000Z,Early Morning Drive (6:00 AM - 9:00 AM EST),"Serbian president resigns","Serbian president resigns &nbsp;&nbsp; Big News Network.com",https://www.choseno.com/news/serbian-president-resigns-2026-09-27,https://www.choseno.com/news/serbian-president-resigns-2026-09-27
61,8.3,"Kendall Qualls: Don’t forget school board races during this fall’s elections",Municipal,"DC, US",Civic Authority,2026-09-27T18:25:15.000Z,Early Morning Drive (6:00 AM - 9:00 AM EST),"Kendall Qualls: Don’t forget school board races during this fall’s elections","Kendall Qualls: Don’t forget school board races during this fall’s elections &nbsp;&nbsp; Alpha News MN",https://www.choseno.com/news/kendall-qualls-don-t-forget-school-board-races-during-this-fall-s-elections-2026-09-27,https://www.choseno.com/news/kendall-qualls-don-t-forget-school-board-races-during-this-fall-s-elections-2026-09-27
62,8.3,"Jon Husted faces a moment of truth in the Senate",Municipal,"DC, US",Jon Husted,2026-09-27T18:15:00.000Z,Early Morning Drive (6:00 AM - 9:00 AM EST),"Jon Husted faces a moment of truth in the Senate","Jon Husted faces a moment of truth in the Senate &nbsp;&nbsp; Politico",https://www.choseno.com/news/jon-husted-faces-a-moment-of-truth-in-the-senate-2026-09-27,https://www.choseno.com/wall/jon-husted
63,8.3,"Alabama councilman accused by residents of threats and insults after meeting",Municipal,"DC, US",Civic Authority,2026-09-27T18:14:00.000Z,Early Morning Drive (6:00 AM - 9:00 AM EST),"Alabama councilman accused by residents of threats and insults after meeting","Alabama councilman accused by residents of threats and insults after meeting &nbsp;&nbsp; rocketcitynow.com",https://www.choseno.com/news/alabama-councilman-accused-by-residents-of-threats-and-insults-after-meeting-2026-09-27,https://www.choseno.com/news/alabama-councilman-accused-by-residents-of-threats-and-insults-after-meeting-2026-09-27
64,8.2,"Former UBCM president calls B.C. snap election a ‘party foul’ that could have waited",Municipal,"CA, CA",Civic Authority,2026-09-27T18:48:53.000Z,Early Morning Drive (6:00 AM - 9:00 AM EST),"Former UBCM president calls B.C. snap election a ‘party foul’ that could have waited","Former UBCM president calls B.C. snap election a ‘party foul’ that could have waited &nbsp;&nbsp; NanaimoNewsNOW",https://www.choseno.com/news/former-ubcm-president-calls-b-c-snap-election-a-party-foul-that-could-have-waite-2026-09-27,https://www.choseno.com/news/former-ubcm-president-calls-b-c-snap-election-a-party-foul-that-could-have-waite-2026-09-27
65,8.2,"ELECTION: Here’s where Collingwood councillor candidates stand on the budget",Municipal,"CA, CA",Civic Authority,2026-09-27T18:30:00.000Z,Early Morning Drive (6:00 AM - 9:00 AM EST),"ELECTION: Here’s where Collingwood councillor candidates stand on the budget","ELECTION: Here’s where Collingwood councillor candidates stand on the budget &nbsp;&nbsp; CollingwoodToday.ca",https://www.choseno.com/news/election-here-s-where-collingwood-councillor-candidates-stand-on-the-budget-2026-09-27,https://www.choseno.com/news/election-here-s-where-collingwood-councillor-candidates-stand-on-the-budget-2026-09-27
66,9.9,"Presidential Presence at Medinah Sparks Debate Over Executive Priorities and Media Access",Politics,", US",Donald Trump,2026-09-27T17:31:00.000Z,Early Morning Drive (6:00 AM - 9:00 AM EST),"","President Trump attended the final round of the Presidents Cup in Chicago shortly after accepting the role of honorary chair for the tournament. The visit prompted renewed scrutiny regarding the administration's relationship with the press and the intersection of executive duties with high-profile sporting events.",https://www.choseno.com/news/presidential-presence-at-medinah-sparks-debate-over-executive-priorities-and-med-2026-09-27,https://www.choseno.com/wall/donald-j-trump-president
67,9.8,"Legal Scrutiny Intensifies Over Executive Restrictions on White House Press Access",Politics,", US",Todd Blanche,2026-09-27T16:52:27.000Z,Early Morning Drive (6:00 AM - 9:00 AM EST),"","Attorney General Todd Blanche has defended the administration's decision to revoke press credentials for specific news organizations, asserting that the executive branch maintains broad authority over access to the White House grounds. This move has sparked a significant constitutional debate regarding the boundaries of executive power and the protection of the free press under the First Amendment.",https://www.choseno.com/news/legal-scrutiny-intensifies-over-executive-restrictions-on-white-house-press-acce-2026-09-27,https://www.choseno.com/wall/donald-j-trump-president
68,9.8,"Conservative Strategy Targets Diesel Taxation to Mitigate Supply Chain Inflation",Politics,", CA",Pierre Poilievre,2026-09-27T17:08:51.000Z,Early Morning Drive (6:00 AM - 9:00 AM EST),"","Conservative Leader Pierre Poilievre is advocating for a reduction in federal diesel taxes to lower transportation costs and stabilize fuel supplies. The proposal aims to address the broader economic impact of high energy prices on the Canadian logistics sector.",https://www.choseno.com/news/conservative-strategy-targets-diesel-taxation-to-mitigate-supply-chain-inflation-2026-09-27,https://www.choseno.com/wall/pierre-poilievre-mp
69,9.8,"New Jersey Executive Leadership Shift as Lieutenant Governor Caldwell Steps Down",Municipal,"Hawaii, US",Caldwell,2026-09-27T12:39:51.000Z,Early Morning Drive (6:00 AM - 9:00 AM EST),"","New Jersey Governor has formally announced the resignation of Lieutenant Governor Caldwell, triggering a significant transition within the state's executive branch. This departure necessitates a swift administrative adjustment as the administration navigates ongoing policy priorities and public scrutiny.",https://www.choseno.com/news/new-jersey-executive-leadership-shift-as-lieutenant-governor-caldwell-steps-down-2026-09-27,https://www.choseno.com/wall/dale-caldwell
70,9.7,"New Jersey Executive Leadership Crisis Follows Findings of Official Misconduct",Municipal,"New Jersey, US",Phil Murphy,2026-09-27T17:02:14.000Z,Early Morning Drive (6:00 AM - 9:00 AM EST),"","New Jersey Governor Phil Murphy has requested the resignation of Lieutenant Governor Tahesha Way following an internal investigation that substantiated allegations of professional misconduct. The development marks a significant shift in the state's executive branch as officials grapple with the implications of the probe's findings.",https://www.choseno.com/news/new-jersey-executive-leadership-crisis-follows-findings-of-official-misconduct-2026-09-27,https://www.choseno.com/wall/phil-murphy-governor
71,9.7,"The Departure of Dale Caldwell: Analyzing the Political and Administrative Implications of a Sudden Resignation",Municipal,"New Jersey, US",Dale Caldwell,2026-09-27T02:35:00.000Z,Early Morning Drive (6:00 AM - 9:00 AM EST),"","Former New Jersey Lieutenant Governor Dale Caldwell has formally addressed the circumstances surrounding his unexpected resignation from the executive branch. This development prompts a broader investigation into the stability of the state administration and the potential impact on ongoing public policy initiatives.",https://www.choseno.com/news/the-departure-of-dale-caldwell-analyzing-the-political-and-administrative-implic-2026-09-27,https://www.choseno.com/wall/dale-caldwell
72,9.6,"Internal Republican Fissures Deepen as Senator Tillis Challenges Trump Strategy in Texas",Politics,", US",Thom Tillis,2026-09-27T15:14:38.000Z,Early Morning Drive (6:00 AM - 9:00 AM EST),"","Senator Thom Tillis has publicly criticized former President Trump for backing Ken Paxton against incumbent Senator John Cornyn in the Texas primary. This disagreement highlights a growing ideological divide within the Republican Party regarding candidate selection and institutional loyalty.",https://www.choseno.com/news/internal-republican-fissures-deepen-as-senator-tillis-challenges-trump-strategy--2026-09-27,https://www.choseno.com/wall/donald-j-trump-president
73,9.6,"Strategic Implications of the Governor's Cup Tournament Progression",Politics,", US",Victor,2026-09-27T15:04:49.000Z,Early Morning Drive (6:00 AM - 9:00 AM EST),"","The second round of the Governor's Cup has concluded, establishing a competitive framework for the upcoming championship matches. This event highlights the intersection of regional athletic infrastructure and the broader economic impact of state-sponsored sporting initiatives.",https://www.choseno.com/news/strategic-implications-of-the-governor-s-cup-tournament-progression-2026-09-27,https://www.choseno.com/wall/victor
74,9.5,"California Legislative Response to Federal Policy Shifts Regarding LGBTQ Protections",Politics,", US",Gavin Newsom,2026-09-27T12:07:14.000Z,Early Morning Drive (6:00 AM - 9:00 AM EST),"","Governor Gavin Newsom has enacted new state legislation aimed at reinforcing protections for LGBTQ individuals in response to perceived federal policy shifts. The move highlights an intensifying jurisdictional conflict between California's state government and the federal administration over civil rights and social policy.",https://www.choseno.com/news/california-legislative-response-to-federal-policy-shifts-regarding-lgbtq-protect-2026-09-27,https://www.choseno.com/wall/gavin-newsom-governor
75,9.5,"Brentford Women Secure Dominant Victory at Gtech Community Stadium",Politics,", CA",Civic Authority,2026-09-27T17:30:00.000Z,Early Morning Drive (6:00 AM - 9:00 AM EST),"","Brentford Women achieved a commanding eight-goal victory over Newhaven in a London and South East Premier division match held at the Gtech Community Stadium. The result was highlighted by a four-goal performance from Chloe Cheatley, underscoring the team's current competitive trajectory.",https://www.choseno.com/news/brentford-women-secure-dominant-victory-at-gtech-community-stadium-2026-09-27,https://www.choseno.com/news/brentford-women-secure-dominant-victory-at-gtech-community-stadium-2026-09-27
76,9.4,"California Enacts Sweeping Ethics Reforms Targeting Digital Asset Speculation and Public Corruption",Politics,", US",Gavin Newsom,2026-09-27T17:42:18.000Z,Early Morning Drive (6:00 AM - 9:00 AM EST),"","Governor Gavin Newsom has signed a package of legislative reforms aimed at curbing corruption and preventing public officials from engaging in speculative digital asset trading. These measures represent a significant shift in state governance by imposing stricter financial disclosure requirements and conflict-of-interest prohibitions.",https://www.choseno.com/news/california-enacts-sweeping-ethics-reforms-targeting-digital-asset-speculation-an-2026-09-27,https://www.choseno.com/wall/gavin-newsom-governor
77,9.3,"The Resurgence of Aerial Heritage: Analyzing the Economic and Cultural Impact of Air Legend 2026",Politics,", CA",Civic Authority,2026-09-27T12:28:41.000Z,Early Morning Drive (6:00 AM - 9:00 AM EST),"","The Air Legend 2026 gathering at Melun-Villaroche served as a significant nexus for international aviation preservation and regional economic stimulation. This report examines the logistical complexities and cultural importance of maintaining historic warbirds for public education and historical continuity.",https://www.choseno.com/news/the-resurgence-of-aerial-heritage-analyzing-the-economic-and-cultural-impact-of--2026-09-27,https://www.choseno.com/news/the-resurgence-of-aerial-heritage-analyzing-the-economic-and-cultural-impact-of--2026-09-27
78,9.3,"Governor Livingston High School Engineering Team Secures National Recognition in STEM Excellence",Politics,", US",Livingston High School,2026-09-27T17:47:20.000Z,Early Morning Drive (6:00 AM - 9:00 AM EST),"","The Governor Livingston High School engineering team achieved a sixth-place finish at a prestigious national STEM competition. This accomplishment highlights the effectiveness of local educational investments and the growing importance of technical proficiency in the regional workforce.",https://www.choseno.com/news/governor-livingston-high-school-engineering-team-secures-national-recognition-in-2026-09-27,https://www.choseno.com/wall/livingston-high-school
79,9.3,"The Volatile Dynamics of Executive Governance Under Donald Trump",Politics,", CA",Donald Trump,2026-09-27T11:00:00.000Z,Early Morning Drive (6:00 AM - 9:00 AM EST),"","An analytical examination of the high-pressure environment within the Trump administration's cabinet and the resulting implications for federal governance. The report explores how the president's management style reshapes institutional norms and impacts the long-term stability of executive branch operations.",https://www.choseno.com/news/the-volatile-dynamics-of-executive-governance-under-donald-trump-2026-09-27,https://www.choseno.com/wall/donald-j-trump-president
80,9.2,"Strategic Shifts in Labour Code Reform: Analyzing the Carney Administration’s Major Projects Legislation",Politics,", CA",Patty Hajdu,2026-09-27T08:00:00.000Z,Early Morning Drive (6:00 AM - 9:00 AM EST),"","The Carney government is facing significant pushback from organized labour regarding proposed amendments to the Canada Labour Code concerning major infrastructure projects. Jobs Minister Patty Hajdu maintains that the legislative changes are designed to enhance union bargaining power rather than diminish it.",https://www.choseno.com/news/strategic-shifts-in-labour-code-reform-analyzing-the-carney-administration-s-maj-2026-09-27,https://www.choseno.com/wall/patty-hajdu-mp
81,9.2,"Democratic Governors Association Shifts Strategy Toward Competitive State Executive Races",Politics,", US",Andy Beshear,2026-09-27T17:07:45.000Z,Early Morning Drive (6:00 AM - 9:00 AM EST),"","Kentucky Governor Andy Beshear reports that Democratic gubernatorial candidates are gaining momentum in several Republican-held states. The party is focusing on narrowing margins in key regions to potentially flip executive offices in the upcoming November elections.",https://www.choseno.com/news/democratic-governors-association-shifts-strategy-toward-competitive-state-execut-2026-09-27,https://www.choseno.com/wall/andy-beshear-governor
82,9.1,"The McNeil Legacy and the Strategic Endorsement of Derek Mombourquette",Politics,", CA",Stephen McNeil,2026-09-27T07:26:16.000Z,Early Morning Drive (6:00 AM - 9:00 AM EST),"","Former Nova Scotia Premier Stephen McNeil has publicly backed Derek Mombourquette in a move that signals a significant shift in provincial political dynamics. This endorsement highlights the ongoing influence of the former Liberal leader as the party navigates its future direction.",https://www.choseno.com/news/the-mcneil-legacy-and-the-strategic-endorsement-of-derek-mombourquette-2026-09-27,https://www.choseno.com/wall/derek-mombourquette-mla
83,9.1,"Strategic Coordination in Hasakah: Governor and Defense Ministry Officials Address Regional Stability and Governance",Politics,", US",Governor of Hasakah,2026-09-27T16:36:27.000Z,Early Morning Drive (6:00 AM - 9:00 AM EST),"","The Governor of Hasakah recently convened with a delegation from the Ministry of Defense to deliberate on the intersection of administrative governance and regional security protocols. This high-level meeting underscores the ongoing efforts to synchronize civil service delivery with military operational requirements in a volatile geopolitical landscape.",https://www.choseno.com/news/strategic-coordination-in-hasakah-governor-and-defense-ministry-officials-addres-2026-09-27,https://www.choseno.com/wall/governor-of-hasakah
84,9.0,"Transatlantic Security Cooperation Under Scrutiny Following High-Stakes Counterterrorism Operation",Politics,", US",Donald Trump,2026-09-27T17:54:49.000Z,Early Morning Drive (6:00 AM - 9:00 AM EST),"","President Trump commended British law enforcement for the successful apprehension of five individuals suspected of plotting an attack against a United States military installation. The operation highlights the ongoing necessity of intelligence sharing between the two nations amidst evolving global security threats.",https://www.choseno.com/news/transatlantic-security-cooperation-under-scrutiny-following-high-stakes-countert-2026-09-27,https://www.choseno.com/wall/donald-j-trump-president
85,9.0,"Governor DeSantis Installs Brian McBroom as Walton County Tax Collector Amid Administrative Transition",Politics,", US",Ron DeSantis,2026-09-27T13:32:21.000Z,Early Morning Drive (6:00 AM - 9:00 AM EST),"","Governor Ron DeSantis has appointed Brian McBroom to serve as the Tax Collector for Walton County, filling a vacancy within the local government office. This executive appointment marks a significant shift in the county's fiscal leadership as the administration seeks to ensure operational continuity.",https://www.choseno.com/news/governor-desantis-installs-brian-mcbroom-as-walton-county-tax-collector-amid-adm-2026-09-27,https://www.choseno.com/wall/ron-desantis-governor
86,8.9,"Illinois Expands Energy Assistance Framework as Governor Pritzker Initiates LIHEAP Enrollment",Politics,", US",J.B. Pritzker,2026-09-27T17:09:35.000Z,Early Morning Drive (6:00 AM - 9:00 AM EST),"","Governor J.B. Pritzker has officially opened the application period for the Low Income Home Energy Assistance Program to help Illinois residents manage rising utility costs. This initiative aims to provide critical financial relief to vulnerable households as the state prepares for the upcoming winter heating season.",https://www.choseno.com/news/illinois-expands-energy-assistance-framework-as-governor-pritzker-initiates-lihe-2026-09-27,https://www.choseno.com/wall/jb-pritzker-governor
87,8.8,"Navigating the Algorithmic Frontier: Illinois Establishes Strategic AI Oversight Framework",Politics,", US",J.B. Pritzker,2026-09-27T14:05:00.000Z,Early Morning Drive (6:00 AM - 9:00 AM EST),"","Governor J.B. Pritzker has launched a specialized cabinet-level agency tasked with integrating artificial intelligence into state operations while addressing significant ethical and security risks. This initiative seeks to balance technological innovation with the protection of taxpayer interests and public data integrity.",https://www.choseno.com/news/navigating-the-algorithmic-frontier-illinois-establishes-strategic-ai-oversight--2026-09-27,https://www.choseno.com/wall/jb-pritzker-governor
88,8.8,"Strategic Shifts and Competitive Dynamics in the Adran Premier League",Politics,", CA",Civic Authority,2026-09-27T15:40:31.000Z,Early Morning Drive (6:00 AM - 9:00 AM EST),"","The Adran Premier landscape has shifted as The New Saints secured a narrow victory while Wrexham ascended to the top of the league standings. This development highlights the intensifying competition and evolving tactical standards within Welsh women's football.",https://www.choseno.com/news/strategic-shifts-and-competitive-dynamics-in-the-adran-premier-league-2026-09-27,https://www.choseno.com/news/strategic-shifts-and-competitive-dynamics-in-the-adran-premier-league-2026-09-27
89,8.8,"Donald Trump and Zohran Mamdani’s Friendly Meeting Carries Different Rewards, Risks for Each, Expert Says",Municipal,"DC, US",Donald J. Trump,2026-09-27T16:53:36.000Z,Early Morning Drive (6:00 AM - 9:00 AM EST),"Donald Trump and Zohran Mamdani’s Friendly Meeting Carries Different Rewards, Risks for Each, Expert Says","Donald Trump and Zohran Mamdani’s Friendly Meeting Carries Different Rewards, Risks for Each, Expert Says &nbsp;&nbsp; okmagazine.com",https://www.choseno.com/news/donald-trump-and-zohran-mamdani-s-friendly-meeting-carries-different-rewards-ris-2026-09-27,https://www.choseno.com/wall/donald-j-trump-president
90,8.7,"Candidates Christine Drazan and Tina Kotek on taxes, Portland and Trump",Municipal,"DC, US",Christine Drazan,2026-09-27T17:35:00.000Z,Early Morning Drive (6:00 AM - 9:00 AM EST),"Candidates Christine Drazan and Tina Kotek on taxes, Portland and Trump","Candidates Christine Drazan and Tina Kotek on taxes, Portland and Trump &nbsp;&nbsp; The Business Journals",https://www.choseno.com/news/candidates-christine-drazan-and-tina-kotek-on-taxes-portland-and-trump-2026-09-27,https://www.choseno.com/wall/christine-drazan-state-senator
91,8.7,"Governor Beshear says races in Republican states are competitive — The Hill",Municipal,"DC, US",Andy Beshear,2026-09-27T17:26:33.000Z,Early Morning Drive (6:00 AM - 9:00 AM EST),"Governor Beshear says races in Republican states are competitive — The Hill","Governor Beshear says races in Republican states are competitive — The Hill &nbsp;&nbsp; UA.NEWS",https://www.choseno.com/news/governor-beshear-says-races-in-republican-states-are-competitive-the-hill-2026-09-27,https://www.choseno.com/wall/andy-beshear-governor
92,8.6,"9 Stories from this Week: Edmond 11-year-old charged, President Trump coming to Oklahoma",Municipal,"DC, US",Donald J. Trump,2026-09-27T17:39:52.000Z,Early Morning Drive (6:00 AM - 9:00 AM EST),"9 Stories from this Week: Edmond 11-year-old charged, President Trump coming to Oklahoma","9 Stories from this Week: Edmond 11-year-old charged, President Trump coming to Oklahoma &nbsp;&nbsp; News 9",https://www.choseno.com/news/9-stories-from-this-week-edmond-11-year-old-charged-president-trump-coming-to-ok-2026-09-27,https://www.choseno.com/wall/donald-j-trump-president
93,8.6,"Belle Chasse Bridge tolls could return, according to a state representative",Politics,"DC, US",Civic Authority,2026-09-27T17:07:00.000Z,Early Morning Drive (6:00 AM - 9:00 AM EST),"Belle Chasse Bridge tolls could return, according to a state representative","Belle Chasse Bridge tolls could return, according to a state representative &nbsp;&nbsp; wdsu.com",https://www.choseno.com/news/belle-chasse-bridge-tolls-could-return-according-to-a-state-representative-2026-09-27,https://www.choseno.com/news/belle-chasse-bridge-tolls-could-return-according-to-a-state-representative-2026-09-27
94,8.5,"Arnold Schwarzenegger Jumps In to Help Socialist L.A. Mayor Candidate Nithya Raman",Municipal,"DC, US",Candidate Nithya Raman,2026-09-27T17:27:09.000Z,Early Morning Drive (6:00 AM - 9:00 AM EST),"Arnold Schwarzenegger Jumps In to Help Socialist L.A. Mayor Candidate Nithya Raman","Arnold Schwarzenegger Jumps In to Help Socialist L.A. Mayor Candidate Nithya Raman &nbsp;&nbsp; breitbart.com",https://www.choseno.com/news/arnold-schwarzenegger-jumps-in-to-help-socialist-l-a-mayor-candidate-nithya-rama-2026-09-27,https://www.choseno.com/wall/candidate-nithya-raman
95,8.4,"Staten Island Councilman Frank Morano extended interview",Municipal,"DC, US",Civic Authority,2026-09-27T16:20:00.000Z,Early Morning Drive (6:00 AM - 9:00 AM EST),"Staten Island Councilman Frank Morano extended interview","Staten Island Councilman Frank Morano extended interview &nbsp;&nbsp; CBS News",https://www.choseno.com/news/staten-island-councilman-frank-morano-extended-interview-2026-09-27,https://www.choseno.com/news/staten-island-councilman-frank-morano-extended-interview-2026-09-27
96,8.4,"Jessica Tisch could win next mayor’s race: ex-Gov. David Paterson",Municipal,"DC, US",David Paterson,2026-09-27T17:00:00.000Z,Early Morning Drive (6:00 AM - 9:00 AM EST),"Jessica Tisch could win next mayor’s race: ex-Gov. David Paterson","Jessica Tisch could win next mayor’s race: ex-Gov. David Paterson &nbsp;&nbsp; New York Post",https://www.choseno.com/news/jessica-tisch-could-win-next-mayor-s-race-ex-gov-david-paterson-2026-09-27,https://www.choseno.com/wall/david-paterson-councillor
97,8.3,"Mayor gives Ocean City storm update",Municipal,"DC, US",Civic Authority,2026-09-27T17:42:32.000Z,Early Morning Drive (6:00 AM - 9:00 AM EST),"Mayor gives Ocean City storm update","Mayor gives Ocean City storm update &nbsp;&nbsp; OCNJ Daily",https://www.choseno.com/news/mayor-gives-ocean-city-storm-update-2026-09-27,https://www.choseno.com/news/mayor-gives-ocean-city-storm-update-2026-09-27
98,9.9,"Two Years Post-Helene: Assessing North Carolina’s Recovery Trajectory and Executive Oversight",Municipal,"North Carolina, US",Josh Stein,2026-09-27T16:38:40.000Z,Early Morning Drive (6:00 AM - 9:00 AM EST),"","Governor Josh Stein marked the second anniversary of Hurricane Helene by emphasizing the ongoing commitment to infrastructure restoration and long-term community resilience in Western North Carolina. The report evaluates the state's recovery progress, fiscal allocation, and the complex challenges remaining for affected mountain regions.",https://www.choseno.com/news/two-years-post-helene-assessing-north-carolina-s-recovery-trajectory-and-executi-2026-09-27,https://www.choseno.com/wall/josh-stein-governor
99,9.8,"New Jersey Executive Crisis Deepens as Governor Demands Lieutenant Governor Resignation Following Misconduct Findings",Municipal,"New Jersey, US",Dale Caldwell,2026-09-27T13:58:48.000Z,Early Morning Drive (6:00 AM - 9:00 AM EST),"","New Jersey Governor has formally requested the resignation of Lieutenant Governor Dale Caldwell following the release of a damaging report detailing allegations of professional misconduct. The situation has triggered a significant political crisis, raising questions about administrative integrity and the future of the state's executive leadership.",https://www.choseno.com/news/new-jersey-executive-crisis-deepens-as-governor-demands-lieutenant-governor-resi-2026-09-27,https://www.choseno.com/wall/dale-caldwell
100,9.8,"New Jersey Executive Branch Faces Transition Following Lieutenant Governor Caldwell Departure",Municipal,"Hawaii, US",Caldwell,2026-09-27T12:39:51.000Z,Early Morning Drive (6:00 AM - 9:00 AM EST),"","New Jersey Governor has officially announced the resignation of Lieutenant Governor Caldwell, triggering a significant shift in the state's executive leadership. The departure necessitates a swift administrative transition as the state government prepares to address ongoing policy priorities.",https://www.choseno.com/news/new-jersey-executive-branch-faces-transition-following-lieutenant-governor-caldw-2026-09-27,https://www.choseno.com/wall/dale-caldwell
