source,geo_or_category,trend_status,rank,title,metric,pub_age_minutes,published_at,related_context,url,fetched_at
google_trends,CA,NEW_PAST_HOUR,1,west bank,200+ searches,11m,2026-08-20T21:10:00.000Z,"UK, France, Germany, Italy and Canada condemn Israel's West Bank settlement project; Israel moves forward with internationally condemned settlement plan that could ‘bury’ two-state solution; Joint Statement from the Leaders of the United Kingdom, France, Germany, Italy, the Netherlands, Canada and Norway on the E1 West Bank Settlement Plan",https://www.google.com/search?q=west%20bank,2026-08-20T21:21:19.058Z
google_trends,CA,NEW_PAST_HOUR,2,snowbirds,200+ searches,11m,2026-08-20T21:10:00.000Z,"‘They define us as being Canadian’: Postcard campaign launched to keep Snowbirds flying; Comment: Snowbirds continue to make us proud, don't ground them; POLL: What do you think will happen to the Snowbirds?",https://www.google.com/search?q=snowbirds,2026-08-20T21:21:19.058Z
google_trends,CA,NEW_PAST_HOUR,3,canadian radio-television and telecommunications commission,100+ searches,11m,2026-08-20T21:10:00.000Z,CRTC Investigating ‘Unusually High’ Number of Emergency Alerts in Manitoba; CRTC Sides With Rogers Over 7-Eleven SpeakOut Parent in Porting Fight,https://www.google.com/search?q=canadian%20radio-television%20and%20telecommunications%20commission,2026-08-20T21:21:19.058Z
google_trends,CA,NEW_PAST_HOUR,4,howe sound pulp and paper,100+ searches,31m,2026-08-20T20:50:00.000Z,B.C.'s Howe Sound Pulp and Paper mill announces permanent closure; Council asks labour minister to reinstate retirement program for mill workers; Forestry crisis deepens with announcement of Howe Sound curtailment,https://www.google.com/search?q=howe%20sound%20pulp%20and%20paper,2026-08-20T21:21:19.058Z
google_trends,CA,NEW_PAST_HOUR,5,genesis gv90,100+ searches,31m,2026-08-20T20:50:00.000Z,Hyundai's new flagship vehicle is a large luxury Genesis EV; Hyundai’s Genesis rolls out a new flagship luxury electric SUV; View Interior Photos of the 2027 Genesis GV90,https://www.google.com/search?q=genesis%20gv90,2026-08-20T21:21:19.058Z
google_trends,CA,NEW_PAST_HOUR,6,cheese,500+ searches,41m,2026-08-20T20:40:00.000Z,FACT FOCUS: Social media falsely claims heat wave threatens Parmigiano Reggiano cheese and bank; Viral hoax claims heat wave is melting Italy’s Parmigiano Reggiano cheese; Italy’s scorching summer puts Parmesan producers to the test,https://www.google.com/search?q=cheese,2026-08-20T21:21:19.058Z
google_trends,CA,NEW_PAST_HOUR,7,pérou,200+ searches,41m,2026-08-20T20:40:00.000Z,"Un séisme de magnitude de 6,7 frappe le Pérou; Un séisme de magnitude 6,7 secoue le Pérou; Un séisme de magnitude de 6,7 frappe le sud du Pérou (institut USGS)",https://www.google.com/search?q=p%C3%A9rou,2026-08-20T21:21:19.058Z
google_trends,CA,NEW_PAST_HOUR,8,mlb wild card,200+ searches,41m,2026-08-20T20:40:00.000Z,"MLB Power Rankings Week 21: Braves join all-NL top 3; MLB Power Rankings as Padres Surge Continues, Blue Jays Back From the Dead, Red Sox Run Out of Gas; X-factors for every team vying for an MLB wild-card spot",https://www.google.com/search?q=mlb%20wild%20card,2026-08-20T21:21:19.058Z
google_trends,CA,NEW_PAST_HOUR,9,mlb standings wild card,2000+ searches,51m,2026-08-20T20:30:00.000Z,"Olney: AL a ‘random series of coin flips’ but Jays’ playoff experience an advantage; The AL Wild Card Mess Is Competitive Balance, and It’s Not Pretty; American League wild-card roundup: Blue Jays keep pace with crowded field",https://www.google.com/search?q=mlb%20standings%20wild%20card,2026-08-20T21:21:19.058Z
google_trends,CA,NEW_PAST_HOUR,10,charles melton,100+ searches,51m,2026-08-20T20:30:00.000Z,Charles Melton in Talks to Play Kakashi in Destin Daniel Cretton’s ‘Naruto’ Movie (Exclusive); Charles Melton in Talks for ‘Naruto’ Movie as Kakashi; ‘Naruto’ Live-Action Movie Casts Charles Melton as Kakashi,https://www.google.com/search?q=charles%20melton,2026-08-20T21:21:19.058Z
google_trends,US,NEW_PAST_HOUR,1,camión,200+ searches,21m,2026-08-20T21:00:00.000Z,Camión se estrella contra la sección de jardinería de Home Depot; Dos muertos tras choque contra camión en la I-84 en Tolland; Volcadura de un camión deja cientos de calamares derramados en una calle de Rhode Island,https://www.google.com/search?q=cami%C3%B3n,2026-08-20T21:21:19.058Z
google_trends,US,NEW_PAST_HOUR,2,tom hanks,500+ searches,21m,2026-08-20T21:00:00.000Z,"'Theo Of Golden' Movie With Tom Hanks To Star Set At Warner Bros; Tom Hanks is bringing a beloved bestseller to life in a deeply emotional new role; Warner Bros. in Talks to Land ‘Theo of Golden’ Film Rights, Tom Hanks Eyed to Star",https://www.google.com/search?q=tom%20hanks,2026-08-20T21:21:19.058Z
google_trends,US,NEW_PAST_HOUR,3,jeff bezos,200+ searches,21m,2026-08-20T21:00:00.000Z,The Rich and Famous Who Can’t Get Into Miami’s Most Exclusive Country Club; Jeff Bezos and Lauren Sánchez Bezos face unexpected ‘slow process’ in their exclusive Miami neighborhood; Miami billionaires surround the priciest golf course in U.S. What’s it worth?,https://www.google.com/search?q=jeff%20bezos,2026-08-20T21:21:19.058Z
google_trends,US,NEW_PAST_HOUR,4,noaa weather,200+ searches,21m,2026-08-20T21:00:00.000Z,Tornado confirmed in Brown County during major storms; National Weather Service confirms EF1 tornado in Madison County; City calls on volunteers to help clean up south Columbus after EF1 tornado,https://www.google.com/search?q=noaa%20weather,2026-08-20T21:21:19.058Z
google_trends,US,NEW_PAST_HOUR,5,patrulla fronteriza de los estados unidos,200+ searches,21m,2026-08-20T21:00:00.000Z,"Arizona resguarda cuerpos de migrantes en espera de identificación; han recuperado 2 mil 14 cadáveres de mexicanos en 25 años; Siempre nos tachan de ser malos, afirma la Patrulla Fronteriza; Hola Paisano. El desierto no debe ser una sentencia de muerte para migrantes. Por Daniel Lee",https://www.google.com/search?q=patrulla%20fronteriza%20de%20los%20estados%20unidos,2026-08-20T21:21:19.058Z
google_trends,US,NEW_PAST_HOUR,6,mike perry,500+ searches,21m,2026-08-20T21:00:00.000Z,"BKFC president David Feldman reacts to Mike Perry taking Dillon Danis fight rather than return to BKFC; Mike Perry vs. Darren Till fight still on the table if Perry ‘walks through’ Dillon Danis on Aug. 29; GOAT Debate, UFC Sacramento & PFL Tampa previews, Namo Fazil drama, P4P rods, more | The Boys in the Back | August 20, 2026",https://www.google.com/search?q=mike%20perry,2026-08-20T21:21:19.058Z
google_trends,US,NEW_PAST_HOUR,7,carrie ann inaba fox news,200+ searches,31m,2026-08-20T20:50:00.000Z,'DWTS' judge Carrie Ann Inaba admits she's 'always in pain' with 'debilitating' health battle; Carrie Ann Inaba Reveals How Sjögren’s Disease Affected Her Dancing With the Stars Experience; Carrie Ann Inaba Details the Health Flare-Up That Made Her Miss ‘DWTS’ for the 1st Time in 20 Years,https://www.google.com/search?q=carrie%20ann%20inaba%20fox%20news,2026-08-20T21:21:19.058Z
google_trends,US,NEW_PAST_HOUR,8,central magnet school,200+ searches,31m,2026-08-20T20:50:00.000Z,"Central Magnet past, present principals tout top national rank as 'team effort'; Middle Tennessee high school named the best in the U.S.; 3 Bay Area high schools make California’s top 10 in U.S. News rankings",https://www.google.com/search?q=central%20magnet%20school,2026-08-20T21:21:19.058Z
google_trends,US,NEW_PAST_HOUR,9,wgal weather,500+ searches,41m,2026-08-20T20:40:00.000Z,"Impact: Rounds of scattered showers, downpours, storms for Thursday in south central Pennsylvania; Philadelphia weather: Severe Thunderstorm Warning until 4:30pm; ALERT DAY: Storms could bring damaging winds, flash flooding to south-central Pennsylvania",https://www.google.com/search?q=wgal%20weather,2026-08-20T21:21:19.058Z
google_trends,US,NEW_PAST_HOUR,10,tornado warning lancaster pa,1000+ searches,51m,2026-08-20T20:30:00.000Z,Tornado Warning issued for central Lancaster County; Severe storms could produce flooding in Lancaster County: National Weather Service [update]; Severe thunderstorms cause flooding concerns for business,https://www.google.com/search?q=tornado%20warning%20lancaster%20pa,2026-08-20T21:21:19.058Z
google_news,CA (Politics),SURGING,1,"Carney asks for end to US alcohol ban, province leader says, as trade deal nears - BBC",Source: BBC,66m,2026-08-20T20:15:45.000Z,"Published: Thu, 20 Aug 2026 20:15:45 GMT",https://news.google.com/rss/articles/CBMiWkFVX3lxTE4xVFNSRk14WG52LXE3MUlwcUJzQWFIUU8xbXVFQ0o5OGU5U0d4MlUxajFxZmZ4LVU2ZmlYZXBieVdQUjZONzlDRmhKc1NQZEdnRmZ2cHdIb0E1UQ?oc=5,2026-08-20T21:21:19.058Z
google_news,CA (Politics),NEW_PAST_HOUR,2,Trade minister says officials are 'very close' to finalizing Canada-U.S. trade deal - CBC,Source: CBC,33m,2026-08-20T20:48:45.000Z,"Published: Thu, 20 Aug 2026 20:48:45 GMT",https://news.google.com/rss/articles/CBMirAFBVV95cUxQMXY3SU4tV01DWnNLNXlYY05IamY1RnNKMmNWd3hyNm5nRjRqREVwSXQ1bGZ5cjNEVkdSZW85cXpncHFsZ3QwRGN4dExFNEdZWWw5NWJNWWE2aVlHa1NFempEdnE3eFdLWEJxLUhGWmlHdU5JbFZUbmpVX1hZYWsyb1V5M2JCbElEMjV4dFZ3M2RSZE8wMEtaQ0JLUVB6QVVsVl9JcGwtRXRvdFBP?oc=5,2026-08-20T21:21:19.058Z
google_news,CA (Politics),SURGING,3,"EXCLUSIVE: Former PM Imran Khan would not confront Pakistan army chief if freed, close aide says - Reuters",Source: Reuters,186m,2026-08-20T18:15:38.000Z,"Published: Thu, 20 Aug 2026 18:15:38 GMT",https://news.google.com/rss/articles/CBMizwFBVV95cUxQTFZQcDhFcFRCOGNyelJ6Q0V1c0k3VHh5WG96VU9MbE83RWgxZDN1TDV5VWtKbHB4NUR5MDVod1k4YTVMQ3JHUlVGS1Z0ZGU3V05XR2MybG95NjhoUHhJMEZmdTJiVGdfUC0yc0JvZjN4Yy11STkteFlQeEJuTFRycjVEVUxOX2pueWRJallNcDVBRlJzRVRPVm0xU185aGNBRFlpTWptS0JtcklJcHl0cGNoZW9hN2FmSmFyVlA5Y2tzNGoyRkVkMk1lazB0T2M?oc=5,2026-08-20T21:21:19.058Z
google_news,CA (Politics),SURGING,4,"Andrea Barbour now environment minister, Joedy Wall gets health portfolio as Wakeham's cabinet gets shakeup - CBC",Source: CBC,334m,2026-08-20T15:47:07.000Z,"Published: Thu, 20 Aug 2026 15:47:07 GMT",https://news.google.com/rss/articles/CBMijwFBVV95cUxObWZ5VzN2ZlBJb0VvMXhta1ZWY3NpenBwemtxanRJTGxVczhuWURnRk1vR2lvcXo2NkJHYmhJZTFLeGVpYTNyMTV3aVo1SUMzU1FuU2RSV241bHFhR2hZOTQzOHB4RDlnUFBxejRHcFc1cV8xdmlpN2xsWE5tTGY2ZV9BMFhHZDZrbnlYVnI5VQ?oc=5,2026-08-20T21:21:19.058Z
google_news,CA (Politics),NEW_PAST_HOUR,6,Opposition Wants Same Scrutiny for Churchill Falls Deal as 2025 Debate - VOCM,Source: VOCM,371m,2026-08-20T15:10:00.000Z,"Published: Thu, 20 Aug 2026 15:10:00 GMT",https://news.google.com/rss/articles/CBMiS0FVX3lxTE5NTGQwU3BtSGVVQWgxS3NfS2lTR25hYWlNdnBJY1NHZ2tGYTNrU2Q3X1NETkdZcURfUF9IZXREdDdXczFEMmdqZHJ4aw?oc=5,2026-08-20T21:21:19.058Z
google_news,CA (Politics),NEW_PAST_HOUR,8,"No More Secrets, Carney Told - Blacklock's Reporter",Source: Blacklock's Reporter,592m,2026-08-20T11:29:11.000Z,"Published: Thu, 20 Aug 2026 11:29:11 GMT",https://news.google.com/rss/articles/CBMiZEFVX3lxTFB2eEtfVmI2RUo4dGdCWi1iSjhLemJRZnFNZXFZRGgtbmhianM2RlNRM3JvTG9MeEQ0WTZDVlhWaE5iSkNGWUZHemlqNXh6MkRiQWtibEtKOUlLMWp1TGF3dm85djc?oc=5,2026-08-20T21:21:19.058Z
google_news,CA (Politics),NEW_PAST_HOUR,9,Stormont: Robbie Butler is the new health minister - BBC,Source: BBC,313m,2026-08-20T16:08:16.000Z,"Published: Thu, 20 Aug 2026 16:08:16 GMT",https://news.google.com/rss/articles/CBMiWkFVX3lxTFBqcGtHMmpQREZxRUk3dXV2Z3hCdGJwTXpsMTR0Nk85NXI2OHVlU0Y0V2UySER0WG9Qa1NLaDJmVm43dzFWR2FfdExlUWExNmduWFNOUjF0eFM2Zw?oc=5,2026-08-20T21:21:19.058Z
google_news,CA (Politics),NEW_PAST_HOUR,13,World’s Oldest President Returns Home After 74 Days of Absence - Bloomberg.com,Source: Bloomberg.com,173m,2026-08-20T18:28:13.000Z,"Published: Thu, 20 Aug 2026 18:28:13 GMT",https://news.google.com/rss/articles/CBMiswFBVV95cUxPWm1PMVVhdlNzU2JhczNnbExRVW0xRDZsSkFldTh2YlFwNkQ3bXRLUVg4dFBmVUtsSm5INjZCQmNqbFVoTmNaeWxULWtVS0pPQUlyazZhbTdtYldGcE4xN2NCY0pnTy0zVzUtUDJTeGNLVUVxc09RMW9vWjhZSWdVODBSV1R5eEVZSmVNQURKeUltMXh3TllqbEFPaTYwNzQ5WlVKcE9JU19ZaXdqZmlETi1CSQ?oc=5,2026-08-20T21:21:19.058Z
google_news,CA (Politics),NEW_PAST_HOUR,18,Senate Dems press Hegseth for answers on Stars and Stripes independence - The Hill,Source: The Hill,253m,2026-08-20T17:08:00.000Z,"Published: Thu, 20 Aug 2026 17:08:00 GMT",https://news.google.com/rss/articles/CBMifkFVX3lxTE1NdC0wMXJLVkxmNTY1Nnk2elloemlYX3NJRVdqa3ltdnlCX2ZIV0daMFpockd3dlNPc1d6c2dBYzhtMzZCQURhdEdUVzFBVUFJR3RZb0NheThKbmRaUXpvbzh2eWt2Ml96aVBwaHpRWWZLU0pzRXZaMG5jSWR6Z9IBgwFBVV95cUxPRHZiblZnam5jUG5Hekc5TFF1WHpEVWRvSXhqQnVrTHBYelQyRGlaVkFyTnZqZWxNQi1MZXBkTVQzQ0FmUDRGalZmel8xTzFWWDVxTWdvMXJMcGZXbGYwbHZNdWZoS0oycHN4WVFZQi1MWmF1T3BJdXlvTXpiWVc5a0UxUQ?oc=5,2026-08-20T21:21:19.058Z
google_news,CA (Politics),NEW_PAST_HOUR,20,'Impose sanctions against RSS': US religious freedom body opposes Mohan Bhagwat's New York visit - The Times of India,Source: The Times of India,983m,2026-08-20T04:58:00.000Z,"Published: Thu, 20 Aug 2026 04:58:00 GMT",https://news.google.com/rss/articles/CBMi8gFBVV95cUxNZE94NTJVaDg0S2dyTjBhanVWMDBFQXQyT3VEbWhhRk1CcGgtOVZWSDdwdUlQUjJ0UklXM3VkQzZqcUhieDF4bnZfMjRSMkw2cmlCcGhxVlZtWHhKVzF6OUl5M1JlZU5venhCMzFOU3BGNmtLdnlMdDFWblBkeEtKXzJwdlVnRnRPR3kyMHB0RVV1MG51a1I3RUlsSjFObXp0bkw3cnVQZ1Q2V21OR1NKdU5Edk55NFdxbm94TXBVUXVQb0hqT0tHSjFmVTVMNlNUcHNubFlZajlfZmZ5dDFTRFlWeDJxRi11cHdNWXpxMzc1UQ?oc=5,2026-08-20T21:21:19.058Z
google_news,US (Politics),SURGING,1,"EXCLUSIVE: Former PM Imran Khan would not confront Pakistan army chief if freed, close aide says - Reuters",Source: Reuters,186m,2026-08-20T18:15:38.000Z,"Published: Thu, 20 Aug 2026 18:15:38 GMT",https://news.google.com/rss/articles/CBMizwFBVV95cUxQTFZQcDhFcFRCOGNyelJ6Q0V1c0k3VHh5WG96VU9MbE83RWgxZDN1TDV5VWtKbHB4NUR5MDVod1k4YTVMQ3JHUlVGS1Z0ZGU3V05XR2MybG95NjhoUHhJMEZmdTJiVGdfUC0yc0JvZjN4Yy11STkteFlQeEJuTFRycjVEVUxOX2pueWRJallNcDVBRlJzRVRPVm0xU185aGNBRFlpTWptS0JtcklJcHl0cGNoZW9hN2FmSmFyVlA5Y2tzNGoyRkVkMk1lazB0T2M?oc=5,2026-08-20T21:21:19.058Z
google_news,US (Politics),NEW_PAST_HOUR,2,Cameroon’s President Biya returns after a long stay abroad raises health concerns - AP News,Source: AP News,165m,2026-08-20T18:36:00.000Z,"Published: Thu, 20 Aug 2026 18:36:00 GMT",https://news.google.com/rss/articles/CBMijwFBVV95cUxQTWVtUF90RnJtLUlSUGZHeVpPdlo1YUljTmQ3Z00tWDFwSXExdGp0T1c2WVhpcHVlSmxyNm9CdkFDNEMtRGV0dDBDZ0pTN2VBeWRGUkZxa0dpLVR0aWdFM3ozVW1pLUFqTEZoaW1sZV9XMUJPRGJyUDlOWEtnd29YMjFvVTZJZVZVZmc1dF9aOA?oc=5,2026-08-20T21:21:19.058Z
google_news,US (Politics),NEW_PAST_HOUR,3,"In Seoul, Wang Yi urges South Korea to chart a neutral path between China and US - South China Morning Post",Source: South China Morning Post,704m,2026-08-20T09:37:45.000Z,"Published: Thu, 20 Aug 2026 09:37:45 GMT",https://news.google.com/rss/articles/CBMizAFBVV95cUxOSFBJRmQ2ODk1RzlCYWF5ZE83c3ZiRW1PcGpITHFuZmZmdm1qUXE0MXFuR1c3c0Z3QTc0Yk1vSjZ0MkxtaWtBNGdJa2p0d09GaTB1a1F2SmpSeG5tcG95anRiUGt5Y29Tb0VIZ1dLem1PRTkyWFNYNWVRY0xoTXFjX3B4TllUM013R3YxRDJ5UWlIUkZPNWstVEhla3NoeURPakNSVkJiYjYtb1ZfZERGQnpMUUNqT3RYZ2FSZ0d3UDBLUzZoWUoyMGlXRVXSAcwBQVVfeXFMT2o3eVpOTE9JelhBWU1VV1lVZGpMVnN6cS13bVRsYzZrMzY0Qm96UTJrZGtMZHZhSHVSeF9VRnRQRkdCVFJ1eTluOFd2MXRlUUZIVmNLMmlQWnh6U0hBY2pFbGtqc0VDN3FIbU95UkwtR2VrcVloUUIzOV9qSlE4ZUNqTlBudTJBY3diNVBBcWRYOU56OE04eUQtbUxHcVNBMkF5RW5FWENxOVBmTVhtd2FBNmx1VE40cldITzBpY2NSQmZRby12bjNaV094?oc=5,2026-08-20T21:21:19.058Z
google_news,US (Politics),NEW_PAST_HOUR,4,Senate Dems press Hegseth for answers on Stars and Stripes independence - The Hill,Source: The Hill,253m,2026-08-20T17:08:00.000Z,"Published: Thu, 20 Aug 2026 17:08:00 GMT",https://news.google.com/rss/articles/CBMifkFVX3lxTE1NdC0wMXJLVkxmNTY1Nnk2elloemlYX3NJRVdqa3ltdnlCX2ZIV0daMFpockd3dlNPc1d6c2dBYzhtMzZCQURhdEdUVzFBVUFJR3RZb0NheThKbmRaUXpvbzh2eWt2Ml96aVBwaHpRWWZLU0pzRXZaMG5jSWR6Z9IBgwFBVV95cUxPRHZiblZnam5jUG5Hekc5TFF1WHpEVWRvSXhqQnVrTHBYelQyRGlaVkFyTnZqZWxNQi1MZXBkTVQzQ0FmUDRGalZmel8xTzFWWDVxTWdvMXJMcGZXbGYwbHZNdWZoS0oycHN4WVFZQi1MWmF1T3BJdXlvTXpiWVc5a0UxUQ?oc=5,2026-08-20T21:21:19.058Z
google_news,US (Politics),SURGING,5,"Carney asks for end to US alcohol ban, province leader says, as trade deal nears - BBC",Source: BBC,66m,2026-08-20T20:15:45.000Z,"Published: Thu, 20 Aug 2026 20:15:45 GMT",https://news.google.com/rss/articles/CBMiWkFVX3lxTE4xVFNSRk14WG52LXE3MUlwcUJzQWFIUU8xbXVFQ0o5OGU5U0d4MlUxajFxZmZ4LVU2ZmlYZXBieVdQUjZONzlDRmhKc1NQZEdnRmZ2cHdIb0E1UQ?oc=5,2026-08-20T21:21:19.058Z
google_news,US (Politics),NEW_PAST_HOUR,6,‘It wasn’t a little war’: John Curtis warns Iran war mistakes resemble Vietnam - The Salt Lake Tribune,Source: The Salt Lake Tribune,108m,2026-08-20T19:33:32.000Z,"Published: Thu, 20 Aug 2026 19:33:32 GMT",https://news.google.com/rss/articles/CBMiiwFBVV95cUxOQUg5a1hWc0hwOVZLNHczRTlQZnJJWDJodWlYOU40dDdXQUFtZnhVMUpHOVJFYlJPX0tBYmtvYkVCSmRjMlZRNVlkOHU0MS1Ia0NIVWpvM3VmeVB1dlA1aU9yZXUwcXkxY0FJX01HcnFvbTdpQXl1MTMxTmp5cnpwWXlFVWI1Q3ZIS01v?oc=5,2026-08-20T21:21:19.058Z
google_news,US (Politics),NEW_PAST_HOUR,7,"Feds confiscated Eric Swalwell’s iPhone and Macbook Pro, document shows - The San Francisco Standard",Source: The San Francisco Standard,180m,2026-08-20T18:21:19.000Z,"Published: Thu, 20 Aug 2026 18:21:19 GMT",https://news.google.com/rss/articles/CBMiiwFBVV95cUxNZ3doQ0g0Sk1EYW9XYWNqRjVJWndLR2Izb2JGUGlXUGJBX3hyUUNzTzZVXzdnbkV1QmVLTVZkVEF4bTBYNlg1a2dBeG1YVV81OEcxZWRKTlc0UWF2V2VvY21ZbmVrUjFoQ19SQ2lYUk9hano5cW42bTZPZm02S0dScDlIbl9tei1vY0lR?oc=5,2026-08-20T21:21:19.058Z
google_news,US (Politics),NEW_PAST_HOUR,9,Trade minister says officials are 'very close' to finalizing Canada-U.S. trade deal - CBC,Source: CBC,33m,2026-08-20T20:48:45.000Z,"Published: Thu, 20 Aug 2026 20:48:45 GMT",https://news.google.com/rss/articles/CBMirAFBVV95cUxQMXY3SU4tV01DWnNLNXlYY05IamY1RnNKMmNWd3hyNm5nRjRqREVwSXQ1bGZ5cjNEVkdSZW85cXpncHFsZ3QwRGN4dExFNEdZWWw5NWJNWWE2aVlHa1NFempEdnE3eFdLWEJxLUhGWmlHdU5JbFZUbmpVX1hZYWsyb1V5M2JCbElEMjV4dFZ3M2RSZE8wMEtaQ0JLUVB6QVVsVl9JcGwtRXRvdFBP?oc=5,2026-08-20T21:21:19.058Z
google_news,US (Politics),NEW_PAST_HOUR,10,Australia pushes sporting diplomacy to new levels in the Pacific - Politico,Source: Politico,155m,2026-08-20T18:46:00.000Z,"Published: Thu, 20 Aug 2026 18:46:00 GMT",https://news.google.com/rss/articles/CBMitAFBVV95cUxNZE44b1ZPU3ZfOGJYRl9pV3VaajZBMm9ia3ZWXzhQOTVscnJwb3NaZE9uMXhmaGpDbFFnWG1sX0tzZTliZExGWG9SbmNiOE5rTFRaeDhDY2ozSmZ6MG9jUDdpeFZWR2o5cTY3SDBleTUtaWpfRGctMk81a2hkdThCaTUxOGJlbTJnV1hYTUtRZ2xNM3c1MUpXMjNVYWJQYkpfZnd2Y1ZFOHJkVzl6b3pXTDFCanM?oc=5,2026-08-20T21:21:19.058Z
google_news,US (Politics),NEW_PAST_HOUR,12,Air Force major detained again for Capitol protest after Trump criticism - NewsNation,Source: NewsNation,175m,2026-08-20T18:26:10.000Z,"Published: Thu, 20 Aug 2026 18:26:10 GMT",https://news.google.com/rss/articles/CBMiiwFBVV95cUxOeE5hNjFNSm8wWUY5RjVVeUNIdHNXc256ZzhiMlZBVEVfUFJxWmZPbTIweU5mcnlDUUZTbjdwOFVLbHZzMXE1UENQRjZNWHhqREhYRGhRSTVOY2NmUExSTUlXRWxKWThDNmtsc2QzanBoNmZRV0F6ZkZYbkpPRGJRV0t1S3Z0eExkSGZz0gGQAUFVX3lxTE51OU5NVXAxWC13anlrcksxb3RhMnN3X1BhVkNoU0NSbGpMNnZtVmpmRmhFRWIwa1lzV1dZdkFmNnNkd1hsemI0WC1ZR0FfQzI0V2RJWjJNNmRHaUp0RGxKOGVRS29SR2Z5QVg1dVh2VkRVcHJDZEs5b1pPSWNGTWc0clR0bWJOclY4Z0tKVjByYQ?oc=5,2026-08-20T21:21:19.058Z
google_news,US (Politics),NEW_PAST_HOUR,13,VOTE: Do you think big tech companies are politically biased? - KOMO,Source: KOMO,163m,2026-08-20T18:38:45.000Z,"Published: Thu, 20 Aug 2026 18:38:45 GMT",https://news.google.com/rss/articles/CBMijAJBVV95cUxPU2pZU0FLNDdyUGYxclI1NlNDX3VmLTc1c0ZOT2thN3loMWdvWGlPV2VhWmdiNVZvdkJwcU9fT0FwdmZ4UzJ3aHZfeXQtcDhyTS1TaVAzbFZpZlFhcDZQZ3c1cU01dDdUUjZXNjdJVk5LbEZrR3hzZWVNM19kNk85UGdnVEZJZEN6S2pnTFQtaVB2Q0hpb2lQbGhzS2JjUmlLSHVLMUpUUGgwbXBCMm41MzZKc0FHWWw0eDlaZGI1UERIRWxVRzYwRnZDTUppUFo2QlZNYXA5SUpxUTdOX29CamlEWjlBMUZLamVFM0RFT0NkdW1hOGZPdnpIcVN2aEo1MnZqSWtTQW5WZTIw?oc=5,2026-08-20T21:21:19.058Z
google_news,US (Politics),NEW_PAST_HOUR,14,"EXCLUSIVE: Senate Democrats question USDA about data errors, staff losses - Reuters",Source: Reuters,340m,2026-08-20T15:41:39.000Z,"Published: Thu, 20 Aug 2026 15:41:39 GMT",https://news.google.com/rss/articles/CBMivwFBVV95cUxOVVdoZ1AyLUtfUHREazZQdUFNOWV0dmdiOGdld2F0VzF2akx1SzVheHJzZjBtX19yUzJsM2gxVWppel9kbnN2dlh2a2xSQTR6S2ZMYnQ0c1ZVdFd0QWJfTTBkekZFcWxSV0JiM1YyREpKV0JmVkxyUTB0NnJtZ3lQVFA3RVVPeUtZQjFMZUFfZ043ZmR3MDVTYjJ1NVJvUlZLcnRPRXdwc0dDeVNFaHh3TFFNMEdHZ2xmWVZHb0FNUQ?oc=5,2026-08-20T21:21:19.058Z
google_news,US (Politics),NEW_PAST_HOUR,15,Stormont: Robbie Butler is the new health minister - BBC,Source: BBC,313m,2026-08-20T16:08:16.000Z,"Published: Thu, 20 Aug 2026 16:08:16 GMT",https://news.google.com/rss/articles/CBMiWkFVX3lxTFBqcGtHMmpQREZxRUk3dXV2Z3hCdGJwTXpsMTR0Nk85NXI2OHVlU0Y0V2UySER0WG9Qa1NLaDJmVm43dzFWR2FfdExlUWExNmduWFNOUjF0eFM2Zw?oc=5,2026-08-20T21:21:19.058Z
google_news,US (Politics),NEW_PAST_HOUR,18,Bangladesh elects veteran politician Mirza Fakhrul Islam Alamgir as president - AP News,Source: AP News,446m,2026-08-20T13:55:00.000Z,"Published: Thu, 20 Aug 2026 13:55:00 GMT",https://news.google.com/rss/articles/CBMipgFBVV95cUxQbWNJN1U3ZEdVd29uNFlPV1N4REhYSWVWUDBlX2FrNXl5QkxRZWtkVlQxYXZkUGUxTkt2MERncTFUNjlyUWdzVWtrMlZ2cE1IYmFUc1pBQUVKbnhNQnNtb2lrdE5pYXZvYXJvN1V0VTJxdk9Ia2N5MUNJd1ZjYUotWEphTFFSU3BIVk1ncV96YU1sZE4wVjlBdDk1Y21hd21xLXNHMTNB?oc=5,2026-08-20T21:21:19.058Z
google_news,CA (Top News),SURGING,1,"Carney asks for end to US alcohol ban, province leader says, as trade deal nears - BBC",Source: BBC,66m,2026-08-20T20:15:45.000Z,"Published: Thu, 20 Aug 2026 20:15:45 GMT",https://news.google.com/rss/articles/CBMiWkFVX3lxTE4xVFNSRk14WG52LXE3MUlwcUJzQWFIUU8xbXVFQ0o5OGU5U0d4MlUxajFxZmZ4LVU2ZmlYZXBieVdQUjZONzlDRmhKc1NQZEdnRmZ2cHdIb0E1UQ?oc=5,2026-08-20T21:21:19.058Z
google_news,CA (Top News),NEW_PAST_HOUR,2,‘Tremendous costs’: Can Trump stop other countries from trading with Iran? - Al Jazeera,Source: Al Jazeera,399m,2026-08-20T14:42:10.000Z,"Published: Thu, 20 Aug 2026 14:42:10 GMT",https://news.google.com/rss/articles/CBMisAFBVV95cUxPSmdqeE9FSzM1Ym9zWXpSQVMxYVBpZTJtSmRUY0Y5Qmlibmt5TzhwWVkwOXltMkZlNFgtcXZ0enBneldOaUdRUVJzTmdiWkhCV2xpVEc3c3lTcjctTjExVjRUSjlhdVFEMzRuUmM4YUV5bGJFSEl3Z21qZTRkdE82VDc3a2s3V2wxdWEyVUQxcU05ckhaMjRPTkE2NndLSmd3R29iYVMzay11SzREVFJVQ9IBtgFBVV95cUxNMWhneW9ESmxaUVYzOE82aUdhbWRZME1ERll5bnVCWGI2NFpsY1QzMExXSzc2ZVJqOTdjeUdJcEFYUjVlTk1EbVFMTmdtaVV0U1NLdDgyR0oyMThLanZ6eVpoY1kyaXVRVTh2RUdWc3BjOVV1bW5fVmRaU3d3NmJTTlhCZUpZWTZQSjRlMGtvWlRyNVpoV2hLNklPa3hhYUFjd3ZNV2pROXQtZEg3T2ttY0NGczFJUQ?oc=5,2026-08-20T21:21:19.058Z
google_news,CA (Top News),BREAKING_PAST_HOUR,3,"Montreal officer stabbed, civilian shot during police intervention in St-Michel - Montreal Gazette",Source: Montreal Gazette,33m,2026-08-20T20:48:07.000Z,"Published: Thu, 20 Aug 2026 20:48:07 GMT",https://news.google.com/rss/articles/CBMipAFBVV95cUxQc1JVUmRzVU50UDEtbnFnY3JicUExYld1bzdfQmJTdGNrdFhZLXc4SzhQeDBzbG5DcGk0bVozdllleVkwRVF0MU5fUkVUcGJsSV8xLWtYSW8wTlN4OENaUzdqZHlWOEwzV1FfVm93aXlxYWwwQjFlMS1PWExMR0tRMnhHeVJoNGF1d2VHRExyeFlvd2owa3U3dThyTTk1SVFOSU1RYg?oc=5,2026-08-20T21:21:19.058Z
google_news,CA (Top News),NEW_PAST_HOUR,5,Rob Breakenridge: Sanctimonious Liberals have no business butting into Alberta health care - National Post,Source: National Post,186m,2026-08-20T18:15:31.000Z,"Published: Thu, 20 Aug 2026 18:15:31 GMT",https://news.google.com/rss/articles/CBMivwFBVV95cUxNZTlaRlhuWEpnenZKejhSN1VGSVFnYl9CYkpqRFhoNDJZSFkxdGE4ZzFXWjZvdlFkYXl4cTBfVUx5aTRuOVNoekY5REhWellwZ09QU3hybWpJTDk5RVgyZ1V1eUxqM0tzOHdFc3FjbFBXamdObXdJUUp3MVQ4MlhQTmY1bnVTcE1OeDNPMFI5VnoyNjd2dGJkTDJmS3dXUkpYNW5paDJFNHh1cGJHa1I2MTlCOWFEQTlfeFNCQkJjSQ?oc=5,2026-08-20T21:21:19.058Z
google_news,CA (Top News),NEW_PAST_HOUR,6,RCMP officer who fatally shot Tla-o-qui-aht First Nation man declines to testify at inquest - CBC,Source: CBC,1142m,2026-08-20T02:19:00.000Z,"Published: Thu, 20 Aug 2026 02:19:00 GMT",https://news.google.com/rss/articles/CBMijwFBVV95cUxPdnJzOElmQncyLThqZDdhNWVhMkc2RnlEWmNkaEVqUmNLVUVORGt1TXJiZ0owOFBVV09JX1QwVUtRbEJJOFVFRExUMklFWk9uenZrWmgwdmFsSUF1VTRvSzktc2ZOcEdpdXJjSExabkdIRDdoZVhOQ1YtSWFkSy1iSXdMUy1nWVRYQ1lwRFhDUQ?oc=5,2026-08-20T21:21:19.058Z
google_news,CA (Top News),NEW_PAST_HOUR,7,Former Toronto social worker charged with fraud after police allege she worked with suspended credentials - CP24,Source: CP24,255m,2026-08-20T17:06:08.000Z,"Published: Thu, 20 Aug 2026 17:06:08 GMT",https://news.google.com/rss/articles/CBMi5wFBVV95cUxNUFZTLVlIT0VxaEJOZ2FXaDZ3WHFHb0tUMjQzNkg5WWk0eE1LUHRST0VIQTRnc1pTZnBScWlqeDZyYmdjX3J5eXRkMWRFVjhTYXZvdGRsdURFeDN5MVMyeUJZbkR1TkFrc1E4emtkeEJDZnJhSksydlRZRTdUd25VRmotamtUNTJGNE05ZjlTMkRnMG1UWnZ6MHZsQWh6bXd3RnozTnowRUs3em90U1FJWXZyc3RjSmVrLTRka0V2TXB6Uzlmd3pHUEVON0MzbHFsU1BEdGVETThMTjl2Y3h3Y1dqSHZvdXc?oc=5,2026-08-20T21:21:19.058Z
google_news,CA (Top News),NEW_PAST_HOUR,8,"With 60 days left until Alberta’s referendum, stay and leave sides plot their course - CBC",Source: CBC,561m,2026-08-20T12:00:00.000Z,"Published: Thu, 20 Aug 2026 12:00:00 GMT",https://news.google.com/rss/articles/CBMiogFBVV95cUxOY3JVTUhaelZHd19CZVhyclk2dGtVaW1MMDE0dUk2V3pGSXRFLVppUm1YbUxWbi13MWZqaWRLNFJzZ05NMDFRT1R0S3lxSGljVmctYUhsQzhCZU03LWNlcDdnV0djVFBOelBPTl9KVUc2US00N2dneWt3SlNNdF9seHZNekNac2ZwX00wNm5OSU5nMElORE5qTk1sVVNKdkxhbWc?oc=5,2026-08-20T21:21:19.058Z
google_news,CA (Top News),NEW_PAST_HOUR,9,UPDATE: TCH Reopened to Alternating Traffic Near Flat Bay Junction Following Crash - VOCM,Source: VOCM,316m,2026-08-20T16:05:00.000Z,"Published: Thu, 20 Aug 2026 16:05:00 GMT",https://news.google.com/rss/articles/CBMiS0FVX3lxTE1mY25EV2JjRkQzTWxaTFdUekVPVmZJYUVYSGJ4d19tWVRfY1RfRnEwd3g1QVNsS18wU0RlOUtmd3F0UTF3QVhEXzB6WQ?oc=5,2026-08-20T21:21:19.058Z
google_news,CA (Top News),NEW_PAST_HOUR,10,'She's our hero': Bear attack victim says her dog saved her life - Sudbury News,Source: Sudbury News,441m,2026-08-20T14:00:00.000Z,"Published: Thu, 20 Aug 2026 14:00:00 GMT",https://news.google.com/rss/articles/CBMiqgFBVV95cUxNSnMxMUR1dHRuR0pEel9wejF3bXk1YmZ1Q2JaTGhPRzlvSW9INFRiVEFjYW5mN0NDS1UyVFlNSG9mVWJZUWVZdDF0NEpWb2lWZ19jcHZ2MGN0eF8yU1VLaDdTSlpGMmxIWC1PdjY1cnJyV0s2OWg5cmtoRml5aHhfS1hmMkFJRlNLUDNndUhJeTh5U1cyang2bmR1TkNWOGtuckdQZ282V3g5UQ?oc=5,2026-08-20T21:21:19.058Z
google_news,CA (Top News),NEW_PAST_HOUR,11,Donald Trump once called Michael Cohen a ‘rat.’ Now they’re sitting down for a public conversation - CNN,Source: CNN,311m,2026-08-20T16:10:35.000Z,"Published: Thu, 20 Aug 2026 16:10:35 GMT",https://news.google.com/rss/articles/CBMiggFBVV95cUxNVHFlaDFteWg4SHN6MnVHN3Q5aWRGbUhIODMtOUxXUXpZYlFKSXZfNDAybEc0dHRaeE1YcXRqRU5iSDY4ZmMyZV8xMzR5OEl1YlZTS3hyX1Y5VzgzU2JoSkI2Q0IyVVdmMVh3T2IzT0F4aFdIbHJ3aGdpQXRtOEFvdUl3?oc=5,2026-08-20T21:21:19.058Z
google_news,CA (Top News),NEW_PAST_HOUR,13,"Canada silent as Israel clears itself in death of aid workers, including a Canadian - CTV News",Source: CTV News,347m,2026-08-20T15:34:33.000Z,"Published: Thu, 20 Aug 2026 15:34:33 GMT",https://news.google.com/rss/articles/CBMi0wFBVV95cUxQdUhxYjV6dGdnZWg3MkFFZFhJSnF2Q3pDVDRLcEFlVmdFUXdyaGhjV1FOQXJHTXVTYkRmMHk5QWY0UkU3X3JhdE5tczhTWjZpWDB5UUJyVktFR29rVmg5Vk1DNjJkMHdDODd6dk5RRDJyaVdkeG83YXhRTmlCVGMzcE5RTW03UWcwVTlOd0pvV1oyUy1QZHhRdG5ib1pTdnV6MDN2am9JSl9XRUMwU2ViZTNBOUhoM1JZZFE5bGVHYVhUcXBMYk9JeHozU0J1ZVlqMWZv?oc=5,2026-08-20T21:21:19.058Z
google_news,CA (Top News),NEW_PAST_HOUR,14,Swiss tourist sentenced to prison for insulting Bali’s sacred Day of Silence - The Globe and Mail,Source: The Globe and Mail,447m,2026-08-20T13:54:26.000Z,"Published: Thu, 20 Aug 2026 13:54:26 GMT",https://news.google.com/rss/articles/CBMitAFBVV95cUxPMWYyLUluYkYzUDM5QUVnRTFwLWtHQkp4Y2ZCcno5anZvV21zcEJJZ3V0SThCNkJ3azYzUjFjSmZDZkJISkpiaFFId2t3QnhGLU12ZERQcUJmS1NKSzFmM3ZuVVNlQzRKOGJiMzltMGtWblYwY0FENnRnZWJzNU92Rm5SWVdYeFZUVzIxTlgzQWhXc2Q0ckpIQVk5VnpiOUVKX2c4OElWQS13aWVaTExfOGpXNWM?oc=5,2026-08-20T21:21:19.058Z
google_news,CA (Top News),NEW_PAST_HOUR,15,"Cuts made at Global B.C., Global National, News 640 and talk radio as Corus reports losses - CBC",Source: CBC,366m,2026-08-20T15:15:28.000Z,"Published: Thu, 20 Aug 2026 15:15:28 GMT",https://news.google.com/rss/articles/CBMipAFBVV95cUxPR3lWdW1YdG9UcGYwT0tEMFIwYVZhSnFqV1A5VTNFbzlYMFVyYVBVLWtwWnoxS09oODdYS1FYX3Z0X1EwejE3aGpFSlcwZVlfRGppeWN2eFpwVkM0X2lObDd4MFREN1dUa1BNbzllVTBfMUs2QTBwT1p0V3ZycUJvQmhYTV8wLVMtNlR4d3A2ZFQ3TXczVF9WQWRVNEljSnNTU0NidA?oc=5,2026-08-20T21:21:19.058Z
google_news,CA (Top News),NEW_PAST_HOUR,16,WestJet ordered to scrap wheelchair weight cap - Global News,Source: Global News,373m,2026-08-20T15:07:57.000Z,"Published: Thu, 20 Aug 2026 15:07:57 GMT",https://news.google.com/rss/articles/CBMiiwFBVV95cUxNYTdhYjg5alhyUks3dHJ2ZS1IeDJ4WkNLc21WSHNWQkswbE1leUZJMEQyaVVpU3dueFU2V0VMLV9CeGtiSnAwQlVHUElkeHF3ZVc0OVVqX3V4a0NnQ2loalU0S1RwakFvUHRUc2pnb3hNSWZfX05jTFpxZXVpQm9EQnJNV1VLN0J0aTFJ?oc=5,2026-08-20T21:21:19.058Z
google_news,CA (Top News),NEW_PAST_HOUR,17,WSIB cuts 466 jobs across Ontario in 'difficult business decision' - CP24,Source: CP24,128m,2026-08-20T19:12:53.000Z,"Published: Thu, 20 Aug 2026 19:12:53 GMT",https://news.google.com/rss/articles/CBMiugFBVV95cUxNVnQ3TXZSTTdoOUttYnpENkNpU0F6dVh5V2tXWU5Ubk9PSS1seVEtbVk0THRYODI1ekN5eWVjZkJhQWZ1dlVoSThoYmNKVnFncDZXazAwUko2bWVhcV83QWc0anNIN21hWmY1bXg2ZjJhaTVaMzgwajF4NnpoZGFvcTZEalhhWDl2VmFGcDhBOWhPbVg3d1dGU3NWUm5ndFVXVGVmaDlDNHNuT2k3c3p0djlFWEZiRzJlNVE?oc=5,2026-08-20T21:21:19.058Z
google_news,CA (Top News),NEW_PAST_HOUR,18,Mining NL Pleased with Additional Power for Lab West in Churchill Falls Agreement - VOCM,Source: VOCM,758m,2026-08-20T08:43:00.000Z,"Published: Thu, 20 Aug 2026 08:43:00 GMT",https://news.google.com/rss/articles/CBMiS0FVX3lxTE1PV3lNcW1nNGNpVjFock9jVkh3SUFjOEJqcURPa0t1eDhzeW9laEtmQmlpNDQ4cGNzVFNRQzFsOFNZb1hPd0xpZWotVQ?oc=5,2026-08-20T21:21:19.058Z
google_news,CA (Top News),NEW_PAST_HOUR,19,Riot is ending development on its League of Legends fighting game - The Verge,Source: The Verge,82m,2026-08-20T19:59:09.000Z,"Published: Thu, 20 Aug 2026 19:59:09 GMT",https://news.google.com/rss/articles/CBMiowFBVV95cUxNdzlpaHBJemh5V2RSYUxHcnZyOVhWaWphLUxQQ2ZJUmltRm8wamMzTWlacHJEUkxtWkNlbDdLS3VZd01zbmxhdzI0ajI2VG82N3ljVmg5alIydDBwQy1EWFpfeElGdEY2LTkyZDd0S1pDdUU4Q1ZaUEc4V09IN3pCbkRIOHFvdDl0RHRDR29IWDA4QlpyMXhRMEtDdTY3V2dDMDlN?oc=5,2026-08-20T21:21:19.058Z
google_news,CA (Top News),NEW_PAST_HOUR,20,"The Duskbloods gameplay leaks ahead of tomorrow's closed beta, showing tense PvP battles with guns, wolves, and velociraptors - Eurogamer",Source: Eurogamer,725m,2026-08-20T09:16:31.000Z,"Published: Thu, 20 Aug 2026 09:16:31 GMT",https://news.google.com/rss/articles/CBMilgFBVV95cUxNaDFhcDZyVS1KNHFuem5UaHhXWko0bFJ6MFRxSnhOYi1DRXplV1lZWmR6SmlwaDJlWWR0UFU4QXdQNF96RU1FeFBpUGV1bzZCVWJQN3dYY1RCS2JRb3N0ODc1Y1QyZjNJZ21hU1RfQnJKenUtNFhidTVENTlhX1JBV0FmQ0tZOEhWV0pzNDJkS3EwVkUwc1E?oc=5,2026-08-20T21:21:19.058Z
google_news,US (Top News),NEW_PAST_HOUR,1,FBI thwarts an alleged ISIS-inspired plot to bomb New York Capitol building - NBC News,Source: NBC News,90m,2026-08-20T19:51:18.000Z,"Published: Thu, 20 Aug 2026 19:51:18 GMT",https://news.google.com/rss/articles/CBMiogFBVV95cUxOWmFIZHlGSzBtaVpoSUVkdHBUd3BHWmdydU44bzVQT2JWV25mMXItS1NBYVhaUWVwWmdQcXFuVXU5WlVEZTNnV0d4Z3VEZ2IyYUpZVks2c3FDUWN2ekltQzA0Y1hDSGRPbjBHbUVTUHVrUmJEUFpiYUJJRTR6RTBfT1BDZlZlXzh6eFFZWWo3dHpiaE9uYmlwNTI3UHFia01ZRHc?oc=5,2026-08-20T21:21:19.058Z
google_news,US (Top News),NEW_PAST_HOUR,2,"FBI seizes devices from former Rep. Eric Swalwell at San Francisco airport, raids DC home in probe tied to sexual assault claims - ABC7 Bay Area",Source: ABC7 Bay Area,171m,2026-08-20T18:30:04.000Z,"Published: Thu, 20 Aug 2026 18:30:04 GMT",https://news.google.com/rss/articles/CBMi4gFBVV95cUxOeDZ3ajhlTDkzV3FIR0lHM0JjdDBJajhZajktcFJIVjBLdWRQV0dWSjN3TUVlM2dFSHBWX1IyQmRSZ1V0WjFBTU1jOHdhRTd5a1VsSTR6cWZveEpSQk56V0hmVGhHSEJyTm13aXRwYUNIalF5dW1nOEI0VUJYNkNpa2g1bkNJdW1ZTHh2Q0dyNnRHWmdvMU15Tkdud0ZoNE80UWRkLW5uQUx1NzdJYjA3UUdtU1BWTHNTMVNzajgwRGdOdF94cnBiNWhnQnR2QmxlMkpMTy1ZRlgtY2ZNYUtTbmx30gHnAUFVX3lxTE81Z0VXaElQOFdBcjZiODFuSXBHMlN2MlJWUVcxSGtVREpneXNFVkhETjAtWHZmSEd5T0NhcGV6Q1Ixa1FSVkg3aTFTRUpYNmhXdE1mUUZVUTFyMDJhUnZjMUpBTTlfU3FKdGFicHhtV01MVVRDY0NQT05VOUxKeFl4NUV0dGZpd2wyUE1HNTQxUUpDNzBLNWVZRV9Ldi05dF9VLWhFalctSkRGN1pqVUpWUUpjakZ5VUxOc1V0QnN3d2NwWTNxMmREOTBpQV9QYTd6OExkSnFFYklkZmNjTDkzY1RwbVItdw?oc=5,2026-08-20T21:21:19.058Z
google_news,US (Top News),NEW_PAST_HOUR,3,US aircraft carrier arrives in Middle East to relieve troubled USS Lincoln - The Guardian,Source: The Guardian,201m,2026-08-20T18:00:00.000Z,"Published: Thu, 20 Aug 2026 18:00:00 GMT",https://news.google.com/rss/articles/CBMikAFBVV95cUxNZzVsbGphSjBjZXdZTGlwcEdTRFZOUXVSSVppTjUyMHRoSHlXMmhBYlExMXJlZU93VkI1YjhjVnFFTHBJZmFMQVlkS0puOGV6ZEFwQzlpcU81N3NjaG56dmFXcGQtYXhPanlJMkE5Y0Z0RDJDeXJKR3ZuWDlWbTItZ0NDNEVTd2dvMkF1U0hEWWQ?oc=5,2026-08-20T21:21:19.058Z
google_news,US (Top News),NEW_PAST_HOUR,4,Why Jon Ossoff’s attack on Trump aide Natalie Harp keeps gaining traction - AJC.com,Source: AJC.com,459m,2026-08-20T13:41:58.000Z,"Published: Thu, 20 Aug 2026 13:41:58 GMT",https://news.google.com/rss/articles/CBMirwFBVV95cUxOdklzdkxUZGhkQ1k1YlNpSUZ4NWdqelU2dVpzRGtobk0yeE9WLVZZWnotNWp5by1tQnJQeS1UM2ZVTG1hMDhqNVgzbTUtRm9IX1ZiSko0M2RYUmpOZHJ1d0plVWhiUEJBcFlVQm9hWXd5eWNtNk9lNFQ5VWpGbjUyUkZxNEQ2Ykloc2NaXzZLZmpSUXRZcThGZzFRYWdGMlpKM0NYTVZJQXV4THp4X21Z?oc=5,2026-08-20T21:21:19.058Z
google_news,US (Top News),NEW_PAST_HOUR,5,"What to know about Dr. Heidi Overton, Trump's pick to lead the FDA - NPR",Source: NPR,272m,2026-08-20T16:49:11.000Z,"Published: Thu, 20 Aug 2026 16:49:11 GMT",https://news.google.com/rss/articles/CBMioAFBVV95cUxPX2RWOUVXampOMVQwQkRPeHZ4STFhTWE5Yk01Zk9MRjRoMmtzbld3bm9hbTZvRTlXVXlOVExsUk9XS2RHcERyTm93R3ZKRHVIS3dsaWVtaDZIeWFEYmZQNkVHb0szVVF1eHk2RlBRVml3dVFDa0RRUDIzNGYwWmFRdUJUSmFxRzZyZmJBNXdVZXg1YnpuZnRidDgyVl93cklD?oc=5,2026-08-20T21:21:19.058Z
google_news,US (Top News),NEW_PAST_HOUR,6,Women in pink rally in support of Lindsay Clancy at her trial for killing her 3 children - AP News,Source: AP News,195m,2026-08-20T18:06:00.000Z,"Published: Thu, 20 Aug 2026 18:06:00 GMT",https://news.google.com/rss/articles/CBMirgFBVV95cUxNNjZkd2pHUnRMMWp2T1BXZGJZVV9CUjNGeDBIQ01rSTNwSmRhbzQxbXROMjlfV1pPMzdWa0NLMmdMbkNOWks2ZVlVQ3JSM2RBblY4bk9KeHB6ZUZYUk1vUGZ4SXdraWs1SDdLY3ZENXdja2RhVXpYUnJKYkgyZzhzOFFBYXJDSk96UnRRTTJlUklyRlhFZEJIT0hoZFNXZWxyS0VBRGppUUVfV3pCZ0E?oc=5,2026-08-20T21:21:19.058Z
google_news,US (Top News),NEW_PAST_HOUR,7,Capitol agenda: Trump 1.0 enemies face brutal primaries - Politico,Source: Politico,561m,2026-08-20T12:00:00.000Z,"Published: Thu, 20 Aug 2026 12:00:00 GMT",https://news.google.com/rss/articles/CBMijgFBVV95cUxPN2lSTDBvNFJkNWt2TWlIOWhaaHltSXN4dzVBMGRmWW8yYkY4UkNKbll6NGNEaHBvTjJvX2FEU3dkSjR4NU9BXzJGNi01Wml3a2NhTWdqcGxqZlZzbGdsbTZxMlMwRnFMMkI2Z09RWm1DYkxDMEtMSS0zUWRncVV6cVhTQm9iei1vbGVOQTdB?oc=5,2026-08-20T21:21:19.058Z
google_news,US (Top News),NEW_PAST_HOUR,8,"Police identify man accused of wearing Chucky-style Halloween mask, terrorizing people in Center City Philadelphia - 6abc Philadelphia",Source: 6abc Philadelphia,76m,2026-08-20T20:05:13.000Z,"Published: Thu, 20 Aug 2026 20:05:13 GMT",https://news.google.com/rss/articles/CBMi1gFBVV95cUxNTVFjd3p4cWV4SmE4SlZ6RzFiWUJBcnpXbGVRaXJoNHpiM0ptbkhBRUZBa0wzekE4T0xBT3BVd2t5N2gyR21WNnhwVjNidEtWU0hjT1pRV2VfTWFDRDRnR2lHMTdYZFY1TUthQjQ5U2N2RWViclczS0wtX2pnNmt0Vm5BaVV3WTZwY1ZnWXNPSGhzT0pPTVVfMldja1Z4bmFqMTNQcWpUWUVJVy1oWE5WVlIwdWZCc0kyTFZlRlhLQUR1bUlsS1pIVlQ1cG1jTE51WW9vVDh30gHbAUFVX3lxTE9lWW5XOXMwQ3VCcWpVcE9MOU50OGdXV2I1Z3pEVHQ3WkIwTXpmWXctSmR1YUVDUnpVd1Q0Sy1McWk5akdxSEFrX05RYmpYS1pWTXVRSm5CUGhyNXdXWHlWTUFTTk9KUGYxRXB0SnBxWXQ0d2ZSdi1yWFRSR2xJQ1oteTFEV1k1djFtSG0tMnRKRURINVdnbnN0eXJDN0JTMlBsSEpfWlVFN0s5Tm5OaDIxYzBveUNUQlRGX2tndHBHRGpGLXFVMUVJNHYzRE1OVmxJODl4Vk9hU2hzMA?oc=5,2026-08-20T21:21:19.058Z
google_news,US (Top News),SURGING,9,"Venezuelans and Cubans among deportees to Liberia under Trump deal, official says - Reuters",Source: Reuters,153m,2026-08-20T18:48:09.000Z,"Published: Thu, 20 Aug 2026 18:48:09 GMT",https://news.google.com/rss/articles/CBMivwFBVV95cUxQcXdrbkRyd3FOTF8wdXNGSkRHMWJmaEJBQUtmMDhBcnhiTHJ6bmpWRWV3LVREeGlkeC1BUFEzU2xGUmdIYVF4dXNLRmctcmtyZkMyVVJINm1GUE1yaXc4V1FzQmlNbktwVklkckZPQVV5S1kwejhDTzRLRjVQczFtRVVfSERnamVlaVFBSC13SDNfYkgwTFhtaUJ6dEdxOGlFaWJhOERncnVkWkttUV80SV80N2xOQW14WE1BRmNzaw?oc=5,2026-08-20T21:21:19.058Z
google_news,US (Top News),NEW_PAST_HOUR,10,Harry and Meghan's return to UK reignites questions over security - BBC,Source: BBC,188m,2026-08-20T18:12:59.000Z,"Published: Thu, 20 Aug 2026 18:12:59 GMT",https://news.google.com/rss/articles/CBMiWkFVX3lxTE1RTHBNMHhfUzZaZ05ZWURUM3ZZcXdWSkNxVlA1Q25mWkN3VGhKZnYzd0tmaXdSQUNTTWlfd2pLM1NlQkxjWXdlUTZOSFp0b1hteUpHTFJCUDlIUQ?oc=5,2026-08-20T21:21:19.058Z
google_news,US (Top News),NEW_PAST_HOUR,11,"Pirates hijack cargo ship carrying Turkish weapons off Somalia’s coast, official says - AP News",Source: AP News,509m,2026-08-20T12:52:00.000Z,"Published: Thu, 20 Aug 2026 12:52:00 GMT",https://news.google.com/rss/articles/CBMiogFBVV95cUxPdHpBYmdGbFVEcElrSlVXaDZpV2t2b29LNHZuZ0hZR3A0RWI4T1IyY1FYZDBiRGRFWENZZ1ZWTkh4MWlpT3ZSTl96SnVOdGc5TmUzODZQcGs2TlYzRDlJM25YZGFQYnpsaEJEXy03NWdZZnk5cWkwNlhhaHhqNzJWWVdyZEVYS2lCOE9ZLVFDSUxJR0c1SFpuUUIyMzh0Y3pqVmc?oc=5,2026-08-20T21:21:19.058Z
google_news,US (Top News),NEW_PAST_HOUR,12,Russian missile barrage kills at least 16 people in Ukraine’s Kyiv - Al Jazeera,Source: Al Jazeera,368m,2026-08-20T15:13:05.000Z,"Published: Thu, 20 Aug 2026 15:13:05 GMT",https://news.google.com/rss/articles/CBMirwFBVV95cUxPYTFGMG9FZmw2TlR3MXR5M09NSEVzLXlNMlh2d3VVdzZ6Mk1LcFh0UmlTenJUYk1pVlhfTDFnNVhwckZWemFJVlR2QTN6Y3BuRmFHTDdSTVRUSFNYY2Z2b2ZSTXF3ZElfTkh1cE1Oa2JEdHhEN21xNFF5NXJwYXl6RlZiVnUzNENNSGQ1bUNHSXdXeFNWdE1leGE5Ykx4by1jcjZXYUNqM2NpaVYtWk9j0gG0AUFVX3lxTE9QUUZLUWY5VE9Zbk5iend0eHhmXzFJUW5pWDhjMmF0c2gwVDVNcVM0MDBRV01XQnJBYkwxNUpiOTI5VS1OWG5HMXQtUjBmeWdvRkVXbFZxUjN5NHQ3eTlTZ3BoSUU3NjItLXZsZ0t0VGxvSVV2LTVJVlVGdnlPTVVQUWZKYU5UUWdIMWF1VjNzbGpPLWNVSV9qeXUzLWRxcHFlTFhiQWhaXzBlNTVKYWd3MkpHZg?oc=5,2026-08-20T21:21:19.058Z
google_news,US (Top News),NEW_PAST_HOUR,13,Map: 6.7-Magnitude Earthquake Shakes Peru - The New York Times,Source: The New York Times,134m,2026-08-20T19:07:09.000Z,"Published: Thu, 20 Aug 2026 19:07:09 GMT",https://news.google.com/rss/articles/CBMijgFBVV95cUxNVFB5ZWlSLTNHRG9aX3daVjhzcUUxYlZCbWtjcFZ6VHhoME82UThucXduY3l0eDEyS3hKLUtwMW5xZTczZ3RsZUxfQmQ4Yk5UbGFfVTViMGR0TUlFYVV1LVhSYVdiczRJejRVQ1JSTUI0WVlHNFNaaFR4S1NLeUtJM3Z1MkdZYThIQ2dSdlVn?oc=5,2026-08-20T21:21:19.058Z
google_news,US (Top News),NEW_PAST_HOUR,14,U.S. Army moves to end drone battalion set up to absorb lessons from Ukraine war - CBS News,Source: CBS News,209m,2026-08-20T17:52:00.000Z,"Published: Thu, 20 Aug 2026 17:52:00 GMT",https://news.google.com/rss/articles/CBMid0FVX3lxTE41TEhYVUlwVG9ZQWRFSzlKaTdVdHZwb0pmaFJfQ1V1S3R3R2JSMDBzSUowQ1ZTb0o2NUFUWlBXRW4xZ1AxZ3F1YUw2Vl9sT2hEQ3ZqR0VscEhrMlF6YmFhUThWTV93cVktd05nUTYxTG94X3l2OXVv?oc=5,2026-08-20T21:21:19.058Z
google_news,US (Top News),NEW_PAST_HOUR,15,Why Treasury Secretary Bessent’s moves to calm the bond market haven’t worked so far - AP News,Source: AP News,56m,2026-08-20T20:25:00.000Z,"Published: Thu, 20 Aug 2026 20:25:00 GMT",https://news.google.com/rss/articles/CBMimwFBVV95cUxQcTFKeWNDNjZRdV9IUElSMUtWNnpmbExuUjFfM19VTDJ6emozODk1dGJoMGNHZk1rWkpiTmNkRjJ1Mll5d3Y1UzZzc2FqMG9oVmlwT2txUjlpY2VFRjdwTnVtNWt4QkROWXpNN3IwWTVQX1c5RzZXT3VTc3pNYWNpcDlmWWFoVUxrVDdzRjFtR2ZndGYtcEpCVTE3dw?oc=5,2026-08-20T21:21:19.058Z
google_news,US (Top News),NEW_PAST_HOUR,16,Three things to know about the $40 trillion federal debt - NPR,Source: NPR,271m,2026-08-20T16:50:41.000Z,"Published: Thu, 20 Aug 2026 16:50:41 GMT",https://news.google.com/rss/articles/CBMieEFVX3lxTFA0WWM4OTFiQ1RXRTFadDhWc2JRVDk1b3J4NTdTNVpNd1dzYkpaUUdQYnRtQ1p0VENvek9WY0VvWllNSVNsYlRYbTNEWTFtSlM3eTFEZERQN0ZmUEt5X19lWHFDVUFONVAxV1FwVUtiVVlHcW1ZWERCSQ?oc=5,2026-08-20T21:21:19.058Z
google_news,US (Top News),NEW_PAST_HOUR,17,Stock Market Today: Bessent Signals Buybacks Could Exceed $4 Billion — Live Updates - WSJ,Source: WSJ,31m,2026-08-20T20:50:00.000Z,"Published: Thu, 20 Aug 2026 20:50:00 GMT",https://news.google.com/rss/articles/CBMihwFBVV95cUxQZFBldUlGa1pnUUM2bjFDS3MzeFhLeTNrSXRJN0RTbnVYeXJZbHJ1eXROVTZUbV95amFvOGgxLTdEdzZ5YnZfWHZKOVIwZEI5MG5UbW0tWVpKWG9MNzhmbXl6U29fTnBDbFlCcmxmQ3lVaW00VXpoYzZ3d2pTVENBMlk2VmJ3TWs?oc=5,2026-08-20T21:21:19.058Z
google_news,US (Top News),NEW_PAST_HOUR,18,"At Walmart, billions in tariff refunds soften the blow from slower sales growth - NBC News",Source: NBC News,143m,2026-08-20T18:58:10.000Z,"Published: Thu, 20 Aug 2026 18:58:10 GMT",https://news.google.com/rss/articles/CBMilAFBVV95cUxPdEw0a1J4dkdpbU9UelV2bXFmZWZjZHY3S19lUEk5R09Gb0tMdEJJUVpQbHlvY2JKZkxqQnJ3M21wY2lVYkxqSFV6LXl5QVFQZ21jbnQ2dXRWbGlVbWxwMVJYc1FRNmVSWVlnWW0zVnYxMzU4NlJXbV82QVQ3OGtlUUdGQ2c0bldJa1NvWFFNV29HeUVj?oc=5,2026-08-20T21:21:19.058Z
google_news,US (Top News),NEW_PAST_HOUR,19,Google releases Pixel 11 series factory images - 9to5Google,Source: 9to5Google,187m,2026-08-20T18:14:00.000Z,"Published: Thu, 20 Aug 2026 18:14:00 GMT",https://news.google.com/rss/articles/CBMiakFVX3lxTE9XSkg1ejVKRllJTktsVVViR3k5V3FLb2JSb3VIQV83YWk5X0sxS0VuNGdiblZJdHhjcTkzeEhZR0xVdkxVQnY0MGpsRl9tYU92Y084YVNkbmNLRlAwNzYybjFMcklKZnRnbWc?oc=5,2026-08-20T21:21:19.058Z
google_news,US (Top News),NEW_PAST_HOUR,20,This app makes the Pixel 11’s HiLight feature actually useful - The Verge,Source: The Verge,351m,2026-08-20T15:30:34.000Z,"Published: Thu, 20 Aug 2026 15:30:34 GMT",https://news.google.com/rss/articles/CBMingFBVV95cUxNSV9xUDVkQjNFSUpzQ0hHaV9MOS1TbUpXTFlwcldELS1kWWRVU0FaRzVfZmtDSEdpUGRlSUEzNEc0cDBFakpTRFFJUWlYNTVNcXFxbXBuQ3VELUhub2hjelIwRXFWNEVhYk9sQS1YZ3Iyc1pnWW14TENOcjZlZDZ5eklYSmd1VmsxTFVfbjZKNnc2SERDT1RudzBqZVRwdw?oc=5,2026-08-20T21:21:19.058Z
cbc_politics,CA (Politics),NEW_PAST_HOUR,1,Trade minister says officials are 'very close' to finalizing Canada-U.S. trade deal,Ranked Top Story,1460m,2026-08-19T21:00:52.000Z,"Published: Wed, 19 Aug 2026 17:00:52 EDT",https://www.cbc.ca/news/world/livestory/canada-u-s-trade-deal-deadline-liquor-booze-steel-aluminum-9.7310605?cmp=rss,2026-08-20T21:21:19.058Z
cbc_politics,CA (Politics),NEW_PAST_HOUR,2,"'We're very close,' LeBlanc says of tariff deal after hours-long meeting with U.S. officials",Ranked Top Story,94m,2026-08-20T19:47:03.000Z,"Published: Thu, 20 Aug 2026 15:47:03 EDT",https://www.cbc.ca/news/politics/canada-us-tariff-trade-negotiations-9.7314494?cmp=rss,2026-08-20T21:21:19.058Z
cbc_politics,CA (Politics),NEW_PAST_HOUR,3,Israel clears itself in killing of Canadian during airstrikes on World Central Kitchen convoy,Ranked Top Story,137m,2026-08-20T19:04:17.000Z,"Published: Thu, 20 Aug 2026 15:04:17 EDT",https://www.cbc.ca/news/politics/israeli-airstrike-quebec-aid-worker-gaza-investigation-9.7314335?cmp=rss,2026-08-20T21:21:19.058Z
cbc_politics,CA (Politics),NEW_PAST_HOUR,4,"If U.S. booze returns to shelves, 'leave it there,' Manitoba premier says",Ranked Top Story,203m,2026-08-20T17:58:36.000Z,"Published: Thu, 20 Aug 2026 13:58:36 EDT",https://www.cbc.ca/news/canada/manitoba/kinew-carney-trump-alcohol-9.7314138?cmp=rss,2026-08-20T21:21:19.058Z